지점,일시,평균기온(°C),최저기온(°C),최저기온 시각(hhmi),최고기온(°C),최고기온 시각(hhmi),강수 계속시간(hr),10분 최다 강수량(mm),10분 최다강수량 시각(hhmi),1시간 최다강수량(mm),1시간 최다 강수량 시각(hhmi),일강수량(mm),최대 순간 풍속(m/s),최대 순간 풍속 풍향(16방위),최대 순간풍속 시각(hhmi),최대 풍속(m/s),최대 풍속 풍향(16방위),최대 풍속 시각(hhmi),평균 풍속(m/s),풍정합(100m),평균 이슬점온도(°C),최소 상대습도(%),최소 상대습도 시각(hhmi),평균 상대습도(%),평균 증기압(hPa),평균 현지기압(hPa),최고 해면기압(hPa),최고 해면기압 시각(hhmi),최저 해면기압(hPa),최저 해면기압 시각(hhmi),평균 해면기압(hPa),가조시간(hr),합계 일조 시간(hr),1시간 최다일사 시각(hhmi),1시간 최다일사량(MJ/m2),합계 일사(MJ/m2),일 최심신적설(cm),일 최심신적설 시각(hhmi),일 최심적설(cm),일 최심적설 시각(hhmi),합계 3시간 신적설(cm),평균 전운량(1/10),평균 중하층운량(1/10),평균 지면온도(°C),최저 초상온도(°C),평균 5cm 지중온도(°C),평균 10cm 지중온도(°C),평균 20cm 지중온도(°C),평균 30cm 지중온도(°C),0.5m 지중온도(°C),1.0m 지중온도(°C),1.5m 지중온도(°C),3.0m 지중온도(°C),5.0m 지중온도(°C),합계 대형증발량(mm),합계 소형증발량(mm),9-9강수(mm),안개 계속시간(hr)
279,2014-12-29,1.7,-4.6,424,9.2,1421,,,,,,,8.1,290,1801,4.7,290,1807,0.9,796,-3.4,45,1449,71.3,4.8,1009.5,1018.4,4,1013.1,1543,1015.6,9.7,5.3,,,,,,,,,,,0.1,-8.1,,,,,,,,,,,,,
279,2014-12-30,2.4,-3.2,425,10.9,1326,,,,,,,11.3,320,1211,5.1,290,1214,1.4,1232,-5.3,24,1230,63.5,4.2,1011,1019.1,2103,1015.1,11,1017.1,9.7,7.3,,,,,,,,,,,-0.2,-7.4,,,,,,,,,,,,,
279,2014-12-31,0,-3.9,228,3.1,1446,,,,,,0.5,9.7,290,1332,5.8,290,1401,2.3,1956,-5.3,37,1938,68.9,4.2,1010.6,1020.4,2311,1014.1,1252,1016.8,9.8,3.1,,,,,,,,,,,-0.3,-7.3,,,,,,,,,,,,,
279,2015-01-01,-4.7,-7.9,711,-1.4,1432,,,,,,1,11.1,290,1252,6.4,290,1301,3.7,3231,-14.7,35,1521,45.8,2,1017,1025.7,2147,1020.4,50,1023.3,9.8,7.5,,,,,,,,,,,-2.5,-13.2,,,,,,,,,,,,,
279,2015-01-02,-2.5,-6.2,112,0.8,1452,,,,,,,10.3,290,1510,5.4,290,1527,2.9,2467,-12.2,30,1651,49,2.4,1018.3,1026.9,2113,1022.6,1432,1024.6,9.8,7.2,,,,,,,,,,,-3.4,-10,,,,,,,,,,,,,
279,2015-01-03,-2.1,-8.7,746,4.1,1538,,,,,,,7.5,340,1105,4.5,340,1114,1.7,1459,-9.9,33,1031,56.1,2.9,1017.7,1027.4,905,1020,2342,1023.9,9.8,7,,,,,,,,,,,-2.8,-11.4,,,,,,,,,,,,,
279,2015-01-04,0.7,-5.1,304,9.3,1516,,,,,,,3.3,270,1824,2.3,270,1831,0.7,592,-4.1,42,1332,71.8,4.6,1012.9,1020.7,208,1016.4,1403,1019.1,9.8,5.8,,,,,,,,,,,-0.1,-8.7,,,,,,,,,,,,,
279,2015-01-05,2.1,-4.1,451,9.1,1519,,,,,,4,3,270,2257,2.1,290,2300,0.7,635,-1.4,51,1549,79.3,5.6,1011.8,1022.7,449,1010.1,2350,1017.9,9.8,3.6,,,,,,,,,,,0.4,-8.3,,,,,,,,,,,,,
279,2015-01-06,2.6,-2.8,2346,5.8,1203,,,,,,4,10.2,320,1336,5.7,320,1513,3.1,2716,-6.8,27,1549,54,4.2,1007.8,1019.1,2251,1008.6,322,1013.9,9.8,7.4,,,,,,,,,,,1.8,-4.7,,,,,,,,,,,,,
279,2015-01-07,-2.3,-5,653,1.8,1502,,,,,,,8.5,290,741,5.6,290,748,3.1,2645,-15.1,27,1150,37.5,1.9,1015.2,1024.4,2318,1018.8,3,1021.5,9.8,7.4,,,,,,,,,,,-1.4,-7.1,,,,,,,,,,,,,
279,2015-01-08,-1.3,-7.7,741,4,1453,,,,,,,8,20,1402,4.5,340,1245,2.3,1973,-11.5,27,1421,47,2.6,1018.8,1027.4,915,1023.2,1402,1025,9.8,7.4,,,,,,,,,,,-2,-10.5,,,,,,,,,,,,,
279,2015-01-09,1.4,-4.5,428,5.6,1403,,,,,,,9,290,1435,4.6,290,1516,2.4,2050,-6.2,42,1404,57.4,3.8,1018.4,1026.4,1012,1022.9,2207,1024.6,9.9,6.5,,,,,,,,,,,-1.4,-8.1,,,,,,,,,,,,,
279,2015-01-10,2.3,-1.9,2334,7.1,1458,,,,,,,9.3,290,1358,5.3,290,228,2.7,2317,-7.3,31,1459,50.4,3.5,1017.4,1025.9,942,1022.3,1501,1023.6,9.9,7.5,,,,,,,,,,,-0.1,-6.2,,,,,,,,,,,,,
279,2015-01-11,0.6,-4.7,456,6.7,1138,,,,,,0,10.5,320,1248,5.7,290,1248,2.3,2027,-7.8,24,1546,57.4,3.5,1017.2,1028.6,2342,1020,626,1023.4,9.9,7,,,,,,,,,,,-0.5,-7.5,,,,,,,,,,,,,
279,2015-01-12,-1.3,-5.3,2346,5.8,1436,,,,,,,5.5,290,340,3.2,290,340,1.5,1337,-10.4,31,1400,51.3,2.8,1028.1,1036.7,2144,1028.6,1,1034.4,9.9,7.5,,,,,,,,,,,-1.7,-8.2,,,,,,,,,,,,,
279,2015-01-13,-0.5,-8.1,509,8,1529,,,,,,,3.2,50,1155,1.9,270,1827,0.8,715,-7.9,29,1434,60.3,3.4,1028.4,1038,800,1031.8,2342,1034.7,9.9,6.5,,,,,,,,,,,-1.5,-10.9,,,,,,,,,,,,,
279,2015-01-14,2.2,-0.3,234,5.3,1455,,,,,,,2.9,90,1328,1.8,270,2007,0.7,580,-4.2,49,1611,62.8,4.5,1020.7,1031.9,1,1023,2341,1026.8,10,0,,,,,,,,,,,0.6,-1.9,,,,,,,,,,,,,
279,2015-01-15,3.1,-1.3,608,10.7,1503,,,,,,,5.7,340,1346,3.5,340,1448,1,906,-3.2,35,1504,64.9,4.8,1015.7,1023.6,2218,1020.5,622,1021.8,10,3,,,,,,,,,,,2.2,-4.9,,,,,,,,,,,,,
279,2015-01-16,2.1,-3.6,427,7.9,1258,,,,,,,9,340,1715,5.2,290,1804,2.1,1846,-3.7,50,1257,66.8,4.7,1014.1,1023.2,1,1017.3,1431,1020.2,10,3,,,,,,,,,,,-0.2,-6.8,,,,,,,,,,,,,
279,2015-01-17,0.2,-3.1,2356,4.6,1450,,,,,,0,11.2,290,1248,6,290,656,3.6,3148,-12.5,21,1455,39.9,2.4,1020.6,1030.7,2156,1020.2,1,1026.8,10,7.7,,,,,,,,,,,-0.1,-7.2,,,,,,,,,,,,,
279,2015-01-18,0.2,-7.4,622,6.7,1533,,,,,,,6.2,290,1737,3.8,290,1634,1.4,1247,-9.3,30,1620,49.6,3.1,1016.9,1030.3,222,1017,2400,1023.1,10,7.6,,,,,,,,,,,-0.7,-10.2,,,,,,,,,,,,,
279,2015-01-19,3.3,-0.5,2354,6.2,1459,,,,,,1.5,10.5,270,333,6,270,333,3,2553,-3,47,1512,63.8,4.9,1016.3,1027.1,2342,1016.9,24,1022.5,10.1,2.7,,,,,,,,,,,1.8,-2.9,,,,,,,,,,,,,
279,2015-01-20,0.7,-4.7,725,6.7,1530,,,,,,,4.8,270,202,3,290,205,1.1,980,-5.5,38,1530,64.4,4.1,1021.5,1030,954,1026.1,1644,1027.7,10.1,7.6,,,,,,,,,,,0.6,-8.2,,,,,,,,,,,,,
279,2015-01-21,2.3,-1.2,625,6.1,1513,,,,,,2.5,2.6,70,1108,1.8,70,1113,0.7,611,-1.6,52,1448,76.4,5.5,1016.6,1027.6,28,1018.9,2352,1022.7,10.1,0,,,,,,,,,,,1.3,-3.5,,,,,,,,,,,,,
279,2015-01-22,3.6,2.3,356,5.8,1520,,,,,,2,5.4,290,1638,3.1,290,1642,1.4,1250,1.9,78,1620,88.9,7,1012.4,1020.7,2330,1017.2,522,1018.5,10.1,0,,,,,,,,,10,,3.7,1.2,,,,,,,,,,,,,
279,2015-01-23,1.5,-2,2336,6.5,1408,,,,,,,4.1,70,1442,2.3,50,1426,1.1,910,-1.2,58,1402,82.8,5.6,1016.5,1024.4,2356,1020.6,48,1022.7,10.2,2.1,,,,,,,,,5,,2.2,-5.7,,,,,,,,,,,,,
279,2015-01-24,2.2,-3.5,407,9.1,1435,,,,,,,7.8,340,1300,4.3,340,1303,1.5,1310,-2.8,41,1535,72.4,5,1020.4,1029,2359,1024,43,1026.6,10.2,8,,,,,,,,,,,1.8,-7.6,,,,,,,,,,,,,
279,2015-01-25,1.7,-2.5,251,6.6,1732,,,,,,3.5,3.6,160,1729,2.1,270,1806,0.7,635,-0.9,64,1556,83.3,5.8,1019.9,1029.5,122,1022.8,2400,1026.1,10.2,0,,,,,,,,,,,0.9,-5.1,,,,,,,,,,,,,
279,2015-01-26,5.5,2.7,2350,9.5,1722,,,,,,2.5,6.9,290,2033,4.6,290,2037,1.4,1187,3.3,70,2211,86.6,7.8,1013.3,1022.8,1,1016.9,1416,1019.4,10.2,0,,,,,,,,,10,,5.1,0.4,,,,,,,,,,,,,
279,2015-01-27,2.2,-2.4,2400,6.1,1434,,,,,,,8.6,320,355,5,290,251,2.9,2535,-6.2,35,1455,55.3,4,1016.8,1025.6,2306,1019.9,5,1023,10.3,7.8,,,,,,,,,0.3,,2.7,-4.4,,,,,,,,,,,,,
279,2015-01-28,-1.6,-4.9,728,4.5,1544,,,,,,,6.9,290,220,4.1,290,56,1.9,1665,-9,36,1303,58.5,3.2,1022.2,1030.3,2237,1025.5,1,1028.5,10.3,6.7,,,,,,,,,4.3,,-0.6,-6.7,,,,,,,,,,,,,
279,2015-01-29,0.3,-3.9,140,3.3,1550,,,,,,1,3,340,2400,1.9,320,813,0.7,613,-2.3,63,1251,83.4,5.2,1021.2,1030.5,245,1024.4,2354,1027.4,10.3,0.5,,,,,,,,,10,,0.5,-6.2,,,,,,,,,,,,,
279,2015-01-30,0.9,-2.6,2349,4.4,1424,,,,,,0.3,9.4,340,1503,5.1,290,1634,3,2613,-7,30,1701,58.3,3.8,1018.4,1028.2,2342,1022.5,1313,1024.6,10.4,8.1,,,,,,,,,1.3,,1.8,-5.6,,,,,,,,,,,,,
279,2015-01-31,-1.8,-5.7,717,3.6,1502,,,,,,,7.1,250,104,4.1,290,130,2.4,2058,-12,29,1521,46.8,2.4,1024.9,1033.8,2325,1028.1,3,1031.3,10.4,8.3,,,,,,,,,,,-1.5,-8.6,,,,,,,,,,,,,
279,2015-02-01,-1.1,-7.3,732,7.1,1551,,,,,,,5.8,320,1121,3.6,340,1116,1.2,1045,-10.8,21,1552,51.1,2.7,1026.2,1034.4,926,1030.2,1621,1032.5,10.4,8.4,,,,,,,,,,,-0.8,-10.1,,,,,,,,,,,,,
279,2015-02-02,-0.9,-6.5,500,7.8,1442,,,,,,,3.1,50,1647,2,290,1917,0.9,748,-8.3,27,1648,59.8,3.3,1025.4,1033.7,1019,1029.5,1457,1031.7,10.5,6.8,,,,,,,,,3.5,,0.2,-9.5,,,,,,,,,,,,,
279,2015-02-03,0.7,-5.9,705,9.3,1610,,,,,,,3.6,290,1947,2.2,270,2035,0.9,799,-6.3,33,1612,61.4,3.8,1022.6,1032.4,832,1026.1,2358,1028.9,10.5,8,,,,,,,,,3.5,,-0.2,-8.4,,,,,,,,,,,,,
279,2015-02-04,2.1,-2,559,7.6,1315,,,,,,,8.1,320,1516,5.1,270,1517,2.1,1792,-6.1,26,1311,56.3,3.9,1016.5,1026.1,1,1019.8,1441,1022.7,10.5,7.9,,,,,,,,,1.5,,1.6,-5.7,,,,,,,,,,,,,
279,2015-02-05,2.3,-0.7,216,6.7,1530,,,,,,,8,320,1026,4.4,290,709,2.7,2325,-6.3,36,1524,54.3,3.9,1016.6,1025.8,2326,1020.8,1458,1022.8,10.5,7.9,,,,,,,,,1.8,,1.1,-4.7,,,,,,,,,,,,,
279,2015-02-06,2.4,-2.6,637,8.5,1431,,,,,,,7.8,20,1402,4.1,320,1317,2,1726,-6.8,28,1431,53.3,3.7,1019.2,1027.1,904,1023.6,1529,1025.3,10.6,8.4,,,,,,,,,0,,1.4,-6.8,,,,,,,,,,,,,
279,2015-02-07,3.5,-1.2,137,7.7,1444,,,,,,,8.5,320,1337,4.8,340,1308,2.3,1983,-4.6,40,1411,56.4,4.3,1014.8,1024.6,2,1018.6,2400,1020.9,10.6,6.7,,,,,,,,,,,2.4,-4.6,,,,,,,,,,,,,
279,2015-02-08,-3.6,-7.7,2355,4.4,144,,,,,,,11.8,340,1153,7.2,290,829,4,3491,-16,22,1413,38.6,1.9,1017.8,1028.7,2223,1017.8,126,1024.1,10.6,8.5,,,,,,,,,,,-0.6,-9.6,,,,,,,,,,,,,
279,2015-02-09,-3,-9.6,722,1.9,1552,,,,,,,11.8,340,1243,5.8,320,1246,3.5,3037,-15,20,1237,41,2,1020.5,1031.1,829,1023.2,2332,1026.8,10.7,8.4,,,,,,,,,1.3,,-2.1,-11.5,,,,,,,,,,,,,
279,2015-02-10,4,-1.2,2400,9.3,1456,,,,,,,12,270,1343,6.2,270,1346,2.8,2427,-6.7,31,1547,47.1,3.7,1012.2,1023.2,1,1015,1554,1018.3,10.7,8.3,,,,,,,,,1.3,,1.8,-5.2,,,,,,,,,,,,,
279,2015-02-11,3.4,-3.6,650,10.9,1316,,,,,,,9,250,1537,4.5,270,1542,1.3,1083,-4.6,32,1547,59.4,4.4,1007.1,1016.4,39,1010.5,1649,1013.1,10.7,6.9,,,,,,,,,2.5,,0.9,-7.4,,,,,,,,,,,,,
279,2015-02-12,1.7,-2.4,2345,5.6,1341,,,,,,0.2,11.1,270,933,6.1,290,1316,3.2,2775,-11.5,25,1533,38,2.6,1007.1,1017.5,2356,1010.9,410,1013.2,10.8,8.6,,,,,,,,,0,,1.8,-5.6,,,,,,,,,,,,,
279,2015-02-13,0.2,-4.9,626,5.6,1522,,,,,,,9,320,1242,5.1,270,1458,2.8,2408,-13.9,22,1328,34.8,2.1,1013.2,1022.7,2315,1017.4,1,1019.4,10.8,8.7,,,,,,,,,0,,-0.1,-9.1,,,,,,,,,,,,,
279,2015-02-14,2,-5.8,720,11.4,1549,,,,,,,6.9,270,1533,4,320,1450,1.2,1029,-6.1,31,1554,58,3.9,1015.8,1023.7,835,1019.4,1452,1022,10.8,7.2,,,,,,,,,,,1.9,-9.4,,,,,,,,,,,,,
279,2015-02-15,5.1,-2.7,253,10.7,1558,,,,,,1,4.7,140,1925,2.3,110,1839,0.8,720,-0.4,43,1304,70.4,6.1,1016.2,1024.4,820,1020.4,1459,1022.3,10.9,1.2,,,,,,,,,,,3,-6,,,,,,,,,,,,,
279,2015-02-16,4.9,4.1,2242,5.7,1,,,,,,17.5,3.4,70,946,2,70,1218,0.8,731,3.8,92,226,92.9,8,1010.4,1021.4,1,1013.6,1627,1016.5,10.9,0,,,,,,,,,10,,4.7,3.2,,,,,,,,,,,,,
279,2015-02-17,4.1,2.1,2050,6.9,1320,,,,,,0.2,10.3,320,1507,5.5,290,1537,2.4,2090,-0.8,55,1411,71.5,5.9,1010,1019.4,2352,1013.8,1408,1016.1,10.9,3.2,,,,,,,,,8.3,,4,-0.7,,,,,,,,,,,,,
279,2015-02-18,3.2,1.2,2356,5.6,1102,,,,,,,7.3,320,1633,4.4,290,923,2.8,2433,-3.3,52,1114,62.8,4.8,1015,1023,2352,1019.3,122,1021.1,11,3.2,,,,,,,,,,,3.8,-1.4,,,,,,,,,,,,,
279,2015-02-19,2.9,-1.2,622,9.6,1431,,,,,,,5.5,340,1404,3,20,1516,1.6,1392,-3.9,34,1539,63.1,4.6,1020.4,1028.7,2256,1023,1,1026.6,11,9,,,,,,,,,,,3.9,-4.4,,,,,,,,,,,,,
279,2015-02-20,4.8,-3.9,627,12,1559,,,,,,,6,140,2400,3.1,110,2335,1,898,-2.9,34,1530,61.5,5,1021.1,1030,813,1024.9,2317,1027.2,11.1,8.1,,,,,,,,,,,4.5,-7.9,,,,,,,,,,,,,
279,2015-02-21,6.2,5.4,723,7.7,1,,,,,,5,6,140,1,3.2,70,635,1.2,1035,2.1,54,1,76.6,7.2,1014.1,1025.1,30,1016,2353,1020.2,11.1,0,,,,,,,,,,,5.1,4.5,,,,,,,,,,,,,
279,2015-02-22,7.5,2.6,2333,12.9,1429,,,,,,0.5,9.3,290,1757,5.6,290,1806,2.4,2107,2,36,1609,71.3,7.4,1009.8,1020.2,2352,1013.6,656,1015.8,11.1,5.1,,,,,,,,,2,,7.6,0.9,,,,,,,,,,,,,
279,2015-02-23,4.3,1.2,551,10.3,1517,,,,,,,7.7,270,1022,4.9,290,145,2.8,2414,-4.8,30,1518,53,4.3,1013.3,1022.4,937,1017,1614,1019.4,11.2,6.8,,,,,,,,,4.3,,5,-0.7,,,,,,,,,,,,,
279,2015-02-24,4.4,0.3,2333,10.5,1524,,,,,,,7.9,320,1302,3.9,320,1533,2.2,1874,-4.9,26,1555,53.3,4.3,1012.8,1020.4,857,1016.4,1539,1018.9,11.2,7.5,,,,,,,,,3.3,,5.6,-3,,,,,,,,,,,,,
279,2015-02-25,5.4,-0.3,740,11.6,1416,,,,,,,5.1,270,1411,2.8,110,1516,1,829,-2.1,36,1346,60.3,5.3,1013.4,1022.7,838,1017,1520,1019.4,11.2,3.8,,,,,,,,,8.5,,4.5,-2.6,,,,,,,,,,,,,
279,2015-02-26,3.5,-0.8,2335,9.4,1514,,,,,,0,14,270,1736,7.9,290,1731,3,2559,-6.7,18,1711,53,4.1,1012.2,1022.6,2356,1015.8,1434,1018.3,11.3,6,,,,,,,,,3.8,,4,-3.5,,,,,,,,,,,,,
279,2015-02-27,0.4,-2.8,619,5.4,1444,,,,,,,11.3,320,953,5.3,290,1018,2.6,2274,-12.7,20,1612,38.5,2.3,1020.6,1030.7,2305,1022.5,1,1026.9,11.3,8.9,,,,,,,,,2.5,,3,-5.8,,,,,,,,,,,,,
279,2015-02-28,1,-4.7,650,7,1520,,,,,,1,3.4,50,1827,2,70,1831,0.9,791,-5.9,36,1113,62.6,4.1,1021.5,1032,832,1022.9,2357,1027.7,11.4,0.6,,,,,,,,,,,2.3,-7.6,,,,,,,,,,,,,
279,2015-03-01,3.5,0.7,29,7.5,1540,,,,,,2,9.9,290,1438,5.4,290,1320,2.5,2184,-2.3,45,1541,69,5.3,1013.1,1022.8,1,1016.5,1654,1019.2,11.4,5.3,,,,,,,,0.3,10,,4.1,-0.2,,,,,,,,,,,,,
279,2015-03-02,3.9,-2.8,536,12.4,1440,,,,,,,9.8,270,27,5.4,270,23,1.5,1253,-6.8,20,1431,49.1,3.7,1013.6,1022.6,840,1016,1803,1019.7,11.4,9.4,,,,,,,,,0,,4.5,-6.4,,,,,,,,,,,,,
279,2015-03-03,3.5,1.2,319,6.2,1541,,,,,,0.2,10.4,290,2400,5.5,290,2400,1.4,1188,-1.4,52,1036,70.8,5.6,1007.2,1018.5,123,1009.7,1733,1013.3,11.5,0.7,,,,,,,,,8,,3.6,-1,,,,,,,,,,,,,
279,2015-03-04,1.3,-2,703,6,1547,,,,,,,12.6,290,1527,7.5,290,405,5,4278,-12.4,19,1411,37.1,2.4,1013.8,1026.2,2351,1012.5,1,1020,11.5,9.3,,,,,,,,,1,,3.7,-5,,,,,,,,,,,,,
279,2015-03-05,1.1,-5.3,608,7.5,1536,,,,,,,6.8,290,49,3.9,290,53,1.6,1348,-10.7,15,1400,45,2.8,1020.4,1028.6,924,1024.3,1700,1026.6,11.5,8.5,,,,,,,,,3.5,,3.4,-8.6,,,,,,,,,,,,,
279,2015-03-06,3.9,-3.9,635,11.5,1524,,,,,,,4.9,70,1451,2.9,70,1459,1.1,989,-5.2,27,1525,54.6,4.2,1018.2,1027.7,828,1020.9,1649,1024.4,11.6,9.4,,,,,,,,,0.3,,5.2,-7.1,,,,,,,,,,,,,
279,2015-03-07,5.4,-2.3,650,14.5,1520,,,,,,,5.9,320,1456,3.6,340,1503,1.4,1181,-6.1,16,1712,49.6,4,1017.2,1025.1,2323,1020.4,1520,1023.3,11.6,9.4,,,,,,,,,,,6,-5.6,,,,,,,,,,,,,
279,2015-03-08,6.5,-3.6,637,15.6,1506,,,,,,,5.5,90,1406,3.2,70,1414,1.1,956,-4.8,24,1444,48.1,4.4,1017,1027.5,916,1019.7,2321,1023.1,11.6,7.6,,,,,,,,,,,6.1,-7.4,,,,,,,,,,,,,
279,2015-03-09,6,-2.8,2356,13.9,1215,,,,,,,13.9,320,2122,8.3,290,2125,4.1,3509,-7.8,16,1355,39.9,3.7,1012.4,1021.9,2400,1015.9,1214,1018.4,11.7,8.3,,,,,,,,,3.3,,8.2,-4.2,,,,,,,,,,,,,
279,2015-03-10,-0.9,-5.2,606,4,1519,,,,,,,14,290,5,8.3,290,219,6,5179,-16.5,16,1641,31.5,1.7,1016.4,1024.4,2227,1020.7,1648,1022.6,11.7,9.7,,,,,,,,,0,,3.4,-7,,,,,,,,,,,,,
279,2015-03-11,3.8,-1.1,250,8.9,1329,,,,,,,14.5,270,1506,7.7,290,1507,4.8,4149,-9.8,21,1100,38,3,1014.2,1024.1,45,1015.9,1656,1020.3,11.8,9.1,,,,,,,,,2.5,,4.3,-2.9,,,,,,,,,,,,,
279,2015-03-12,4.2,-0.7,501,11.2,1515,,,,,,,11.9,270,1639,5.5,290,1453,2.9,2507,-11.6,17,1424,33.3,2.6,1013.6,1021.8,206,1017.3,1553,1019.7,11.8,9.8,,,,,,,,,0,,5.7,-3.5,,,,,,,,,,,,,
279,2015-03-13,5.2,-2.1,449,12.1,1609,,,,,,,7.8,290,1523,4.3,270,1538,1.2,1043,-5.3,24,1449,48.5,4.2,1013.2,1022.1,2400,1017.8,1544,1019.3,11.8,3.4,,,,,,,,,5.3,,5.1,-5.2,,,,,,,,,,,,,
279,2015-03-14,6.3,-2,551,13.2,1500,,,,,,,5.3,20,920,2.7,340,1011,1,883,-8.5,19,1355,36.9,3.3,1017.3,1026.3,944,1021.7,1538,1023.3,11.9,8.5,,,,,,,,,,,7.6,-6.5,,,,,,,,,,,,,
279,2015-03-15,7.6,-1.3,649,18,1552,,,,,,,6.7,270,1537,3.6,290,1609,1.1,993,-5.8,15,1535,42.9,4,1015.8,1024.3,729,1018.5,1553,1021.8,11.9,10,,,,,,,,,,,8.5,-4.7,,,,,,,,,,,,,
279,2015-03-16,9.7,0.9,605,20.1,1639,,,,,,,4.2,110,855,2.3,110,857,1,888,-3,19,1547,45.1,4.9,1014.7,1024,735,1017.2,1720,1020.7,12,9.3,,,,,,,,,4.3,,10.7,-2.3,,,,,,,,,,,,,
279,2015-03-17,12.5,2.6,702,22.3,1435,,,,,,,4.1,70,1117,2.6,270,2022,1,892,-0.2,20,1329,45.6,6,1011.6,1020.4,813,1014.3,1650,1017.5,12,6.2,,,,,,,,,7.3,,11.3,-1.2,,,,,,,,,,,,,
279,2015-03-18,9.4,8.5,2311,11.8,13,,,,,,47,4.1,110,1616,2.3,70,1618,0.9,761,6.7,48,13,85,9.9,1007.1,1017.3,852,1009.5,1622,1013,12,0,,,,,,,,,10,,9.1,7.6,,,,,,,,,,,,,
279,2015-03-19,12.5,8,337,19.7,1636,,,,,,0.4,4.5,110,1503,2.3,50,1348,1.1,915,7.9,44,1628,76.1,10.6,1007.8,1016.3,2337,1010.7,506,1013.6,12.1,8,,,,,,,,,3.3,,14.2,7,,,,,,,,,,,,,
279,2015-03-20,14.3,9.9,57,21.1,1427,,,,,,,4.9,70,1450,2.6,70,1638,1.1,952,4.6,20,1658,57,8.6,1010.9,1019.4,1029,1014.8,1737,1016.8,12.1,6.4,,,,,,,,,5.8,,13.5,7.1,,,,,,,,,,,,,
279,2015-03-21,13.7,7.1,530,21.7,1506,,,,,,,7.6,270,1533,4.4,340,1208,1.8,1531,-1.4,14,1508,40.6,5.7,1009.7,1017.6,712,1012.6,1606,1015.6,12.2,10,,,,,,,,,,,12.8,3.7,,,,,,,,,,,,,
279,2015-03-22,11.9,6.4,536,18.2,1409,,,,,,,12.6,250,1546,6.6,290,1633,3.2,2775,-6.3,10,1804,32.9,4.2,1013.1,1023.7,2358,1015.6,9,1019,12.2,10.3,,,,,,,,,,,11,2.2,,,,,,,,,,,,,
279,2015-03-23,7,1.6,649,12.8,1458,,,,,,,14.9,290,1409,6.7,290,1413,3.9,3372,-10.5,16,1213,29.1,2.8,1019.1,1027.8,2356,1021.7,1615,1025.1,12.2,11.1,,,,,,,,,0,,9,-1,,,,,,,,,,,,,
279,2015-03-24,7.2,0.4,645,14.2,1554,,,,,,,7.6,270,1606,4.1,290,1613,2,1699,-9.2,14,1441,33.8,3.1,1024.4,1033.5,2400,1027.8,1,1030.5,12.3,11.1,,,,,,,,,0,,9.4,-1.9,,,,,,,,,,,,,
279,2015-03-25,6.8,-1.6,621,15.7,1351,,,,,,,5,140,1429,2.5,90,1225,1.2,1060,-6.9,15,1354,42.3,3.7,1028.2,1036.2,901,1031.8,1616,1034.3,12.3,11.1,,,,,,,,,0,,9.6,-5.4,,,,,,,,,,,,,
279,2015-03-26,9.9,0,543,19,1458,,,,,,,7.3,290,1408,3.9,320,1553,1.8,1576,-6.6,15,1606,34.5,3.7,1026.4,1035.8,559,1028.9,1658,1032.4,12.3,11.1,,,,,,,,,0,,11.5,-4.5,,,,,,,,,,,,,
279,2015-03-27,11.5,2.4,639,20,1623,,,,,,,8,290,1704,4.5,290,1710,2.1,1798,-5.6,16,1521,32,4,1019.6,1031.1,3,1022.1,1904,1025.6,12.4,9.7,,,,,,,,,3.3,,11.9,-1.2,,,,,,,,,,,,,
279,2015-03-28,12.7,1.3,609,22.1,1546,,,,,,,6.4,320,1824,4.1,270,2152,1.6,1364,-3.2,15,1512,36.5,4.9,1011.9,1022.5,7,1013.4,1658,1017.8,12.4,9.9,,,,,,,,,,,14.6,-2.8,,,,,,,,,,,,,
279,2015-03-29,13.7,7.3,640,21.3,1525,,,,,,,7.3,340,1216,4.5,320,1207,1.7,1439,1.3,28,1527,44.6,6.8,1011.1,1019,2309,1015,1637,1017,12.4,6.9,,,,,,,,,,,14.8,3.5,,,,,,,,,,,,,
279,2015-03-30,14.5,5.1,551,23.5,1415,,,,,,,7.4,140,1427,4.1,110,1315,1.6,1366,5.5,32,1416,58.4,9,1012.5,1021.4,811,1014.8,1703,1018.4,12.5,10.5,,,,,,,,,0,,16.1,2.4,,,,,,,,,,,,,
279,2015-03-31,12.4,7.8,625,14.5,1623,,,,,,0.4,4.8,90,1537,2.2,110,1543,1,869,10,72,1,85.6,12.4,1010,1018.8,1,1013,1843,1015.9,12.5,0,,,,,,,,,10,,11.6,4.9,,,,,,,,,,,,,
279,2015-04-01,11.4,9.3,1612,13.9,1,,0.5,943,1.5,1056,3,8.2,90,1157,4.7,70,1159,1.3,1103,9.5,78,2313,88.8,12,1010.8,1020.3,2140,1011.9,419,1016.6,12.6,0,,,,,,,,,10,,12.1,8.5,,,,,,,,,,,,,
279,2015-04-02,13.1,9,524,21.6,2320,,,,,,,13.2,250,2314,4.9,180,2252,2.1,1827,9.1,66,1350,77.3,11.8,1003.6,1020.1,1,998.1,2355,1009.4,12.6,0,,,,,,,,,10,,12,8.3,,,,,,,,,,,,,
279,2015-04-03,16.7,11.8,2355,21.5,47,,0.5,508,1,430,1.5,8.9,340,1145,5.1,290,731,2.9,2483,10.6,53,1435,68.6,13.1,1000.2,1016.3,2359,996.4,158,1006,12.7,8.1,,,,,,,,,6.8,,18.6,11.2,,,,,,,,,,,,,
279,2015-04-04,11.6,8.4,2331,18,1244,,2,1628,7.5,1623,13,6.2,90,1818,3.9,70,1255,2,1720,5.1,39,1235,67.1,8.8,1010.4,1018.4,1632,1013.5,1453,1016.3,12.7,5.7,,,,,,,,,,,14.2,7.6,,,,,,,,,,,,,
279,2015-04-05,10.1,7.9,325,11.6,1518,,0.5,-2356,1.5,0,2.5,4.2,70,1121,2.6,70,1150,1,861,8.3,81,1427,89.3,11,1009.2,1016.5,2225,1013.6,1619,1015.1,12.7,0,,,,,,,,,,,11.7,7.4,,,,,,,,,,,,,
279,2015-04-06,11.4,9,2351,13.8,1339,,0.5,1354,1,1329,1.5,5.2,340,1453,3.3,290,1501,0.9,783,9.6,80,1634,89.1,12,1011.9,1021.4,2352,1015,313,1017.8,12.8,0,,,,,,,,,10,,12.5,7.5,,,,,,,,,,,,,
279,2015-04-07,8.6,7.2,2353,9.6,1355,,,,,,,6.3,90,734,3.7,70,742,1.9,1601,4.2,64,1402,74.9,8.3,1018.2,1027.3,2325,1021.2,1,1024.2,12.8,0,,,,,,,,,10,,9.3,6.6,,,,,,,,,,,,,
279,2015-04-08,8.1,4.6,2349,12.9,1447,,0.1,,0.1,,0.1,5.2,70,1645,3.1,90,1647,1.2,1061,3,49,1505,71.4,7.6,1020.6,1028.4,943,1024.7,1545,1026.6,12.8,3,,,,,,,,,8,,11.2,2.9,,,,,,,,,,,,,
279,2015-04-09,9.7,3.8,303,16.4,1636,,,,,,,4.7,270,1254,2.3,70,1719,1.2,1016,2.6,36,1507,65.4,7.4,1019,1028,742,1022,1618,1025,12.9,10.5,,,,,,,,,5,,12,1.6,,,,,,,,,,,,,
279,2015-04-10,11.7,3.6,547,19.8,1605,,,,,,,6.6,20,1604,3.5,90,1904,1.4,1174,2,21,1534,58.1,7.1,1016.7,1024.4,1,1019.5,1553,1022.6,12.9,11.1,,,,,,,,,0,,14.4,0.3,,,,,,,,,,,,,
279,2015-04-11,13.1,3.7,545,22,1512,,,,,,,7.3,160,2015,3.4,90,1411,1.3,1129,1,16,1302,50.1,6.6,1019.6,1027.5,2335,1022.8,1649,1025.5,12.9,11.7,,,,,,,,,,,15.8,0.8,,,,,,,,,,,,,
279,2015-04-12,12.1,4.6,612,18.2,1309,,,,,,,9.9,70,1402,5.3,90,1520,2,1766,1.1,26,1340,51.4,6.7,1019.9,1027.9,56,1023.5,1622,1025.9,13,2.6,,,,,,,,,,,12.5,2.5,,,,,,,,,,,,,
279,2015-04-13,10.1,8.2,656,12,1315,,0.5,159,2,453,8,7.7,70,1546,3.5,90,1634,1.5,1265,6.7,57,8,80,9.8,1012.6,1025.8,12,1012.7,2359,1018.5,13,0,,,,,,,,,10,,10.5,7.2,,,,,,,,,,,,,
279,2015-04-14,10.2,7.9,2159,15.4,1618,,1.5,459,5.5,450,8,8.8,270,1713,5.1,270,1750,1.8,1593,5.9,48,1428,76,9.3,1002.1,1012.7,1,1004.2,1624,1007.9,13.1,3.8,,,,,,,,,7.5,,12.4,5.9,,,,,,,,,,,,,
279,2015-04-15,13,6.7,231,20.8,1551,,0.2,,0.5,408,0.5,12.3,290,1515,6.5,290,1510,2.8,2386,4,26,1451,59,8.2,1002.8,1011.6,2140,1006.7,1547,1008.6,13.1,9.2,,,,,,,,,2.3,,13.4,4.6,,,,,,,,,,,,,
279,2015-04-16,12,5,558,24.6,1323,,1,1617,2.5,1600,3.5,14.4,290,1629,8.6,290,1635,2.6,2235,4.7,35,1313,63.1,8.7,1003.6,1014.2,2353,1003.1,1428,1009.4,13.1,7.6,,,,,,,,,7,,11.4,2,,,,,,,,,,,,,
279,2015-04-17,13.3,5.1,624,22.1,1440,,,,,,,8.5,290,1355,4.1,290,1318,2,1709,-2.3,14,1326,38.1,5.3,1010.8,1019.1,2254,1014.3,1,1016.6,13.2,11,,,,,,,,,2.3,,14.2,1.4,,,,,,,,,,,,,
279,2015-04-18,13.1,3.9,616,22.3,1603,,3,2214,3.5,2130,4,6.5,160,2155,3.6,110,2158,1.2,1038,1.9,21,1559,52,7.2,1010.8,1020.4,725,1012.7,1715,1016.6,13.2,5.5,,,,,,,,,,,13.6,0.9,,,,,,,,,,,,,
279,2015-04-19,13.4,10.5,513,15.4,1812,,0.5,112,1,116,6,3.2,70,1152,2,90,1201,0.6,513,12.3,86,821,93.5,14.5,1002.4,1014.5,1,1003.3,2358,1008.2,13.2,0,,,,,,,,,,,14.1,9.6,,,,,,,,,,,,,
279,2015-04-20,11.8,8.6,2400,15,1,,1,600,4.5,608,19.5,6,90,1357,3.5,70,1401,0.9,787,10.8,88,1631,93.5,13,1001.2,1014,2355,1001.5,519,1007,13.3,0,,,,,,,,,10,,13.4,6,,,,,,,,,,,,,
279,2015-04-21,14.1,8,648,23,1636,,,,,,,4.1,70,1259,2.3,50,1231,1.1,984,5.7,21,1742,63.9,9.3,1010,1017.6,815,1013.5,1559,1015.8,13.3,9.1,,,,,,,,,3.5,,16.4,4.6,,,,,,,,,,,,,
279,2015-04-22,15.8,8.7,553,23.3,1324,,,,,,,9.6,360,1332,4.4,320,1348,1.8,1563,2.1,19,1132,42.4,7.2,1012.3,1021.6,2357,1015.7,1351,1018.1,13.3,9.1,,,,,,,,,3.5,,15,5,,,,,,,,,,,,,
279,2015-04-23,16.2,6.5,534,24.6,1501,,,,,,,5.2,320,1809,3.1,290,1745,1.2,1040,2.2,17,1145,46,7.3,1014.6,1023.2,656,1017.6,1639,1020.4,13.4,9.8,,,,,,,,,5.5,,17.4,2.3,,,,,,,,,,,,,
279,2015-04-24,17.5,8.1,323,25.7,1514,,,,,,,8.5,290,1650,4.3,270,1542,1.8,1563,2.3,16,1518,41.4,7.3,1012.9,1020.8,654,1015.7,1654,1018.7,13.4,10,,,,,,,,,5.5,,17.8,4.9,,,,,,,,,,,,,
279,2015-04-25,18.3,8.5,551,26.6,1528,,,,,,,8.7,270,1503,4.4,270,1511,1.7,1437,0,16,1256,32,6.1,1013.7,1021.8,757,1017,1553,1019.5,13.4,12.4,,,,,,,,,,,19.9,3.2,,,,,,,,,,,,,
279,2015-04-26,19.8,7.6,540,29.7,1443,,,,,,,8.4,340,1543,4.7,320,1456,2,1745,3,16,1523,36.8,7.7,1012.5,1021.1,703,1015.1,1639,1018.2,13.5,12.3,,,,,,,,,,,21.3,4,,,,,,,,,,,,,
279,2015-04-27,20.2,11.3,551,28.7,1359,,,,,,,6.7,270,1307,3.1,290,1311,1.2,1037,5.9,19,1722,44,9.3,1010.2,1018.7,651,1012.5,1724,1015.9,13.5,11.6,,,,,,,,,3.5,,22,7.6,,,,,,,,,,,,,
279,2015-04-28,18,9.3,605,24.7,1545,,0.1,,0.1,,0.2,8.1,140,1300,3.7,110,1216,1.7,1468,9.7,41,1548,60.3,12.3,1008.4,1016.2,645,1011.5,1612,1014.2,13.6,6.7,,,,,,,,,7.8,,19.9,5.8,,,,,,,,,,,,,
279,2015-04-29,16.1,15.1,2306,17.6,1446,,1,130,2.5,40,10.5,4.6,110,1518,3,70,1127,1,858,14.3,78,1619,89.6,16.3,1007.6,1014.4,1031,1012.3,1540,1013.4,13.6,0,,,,,,,,,10,,16.9,14.4,,,,,,,,,,,,,
279,2015-04-30,18.7,13.2,617,25.3,1508,,,,,,,4.5,140,1414,2.6,110,2026,0.9,819,12.9,46,1514,71.6,14.9,1007.9,1015,958,1011.7,1638,1013.6,13.6,7,,,,,,,,,5.8,,20.7,12,,,,,,,,,,,,,
279,2015-05-01,20.8,13,556,28.8,1559,,,,,,,6.5,110,1438,3,110,1352,1.2,1050,13.1,33,1600,65.9,15.1,1007.8,1015.8,724,1010.7,1552,1013.5,13.6,10.4,,,,,,,,,0,,23.6,10.3,,,,,,,,,,,,,
279,2015-05-02,21.9,13.8,549,28.8,1411,,,,,,,7.9,250,1701,3.7,250,1702,1.8,1539,13.1,37,1602,60.3,15.1,1006.4,1014.8,747,1009.3,1650,1012,13.7,10,,,,,,,,,,,23.8,11,,,,,,,,,,,,,
279,2015-05-03,18.1,17.4,2225,21.4,1,,2,721,4,647,14.5,5.3,110,615,2.8,70,900,1.3,1090,16.5,58,1,91.1,18.8,1001.6,1010.6,1,1005.6,1730,1007.3,13.7,0,,,,,,,,,,,19.5,16.2,,,,,,,,,,,,,
279,2015-05-04,18.7,13.2,2356,23.4,1402,,,,,,,12.2,360,1307,6.3,290,1551,3.3,2810,5.4,20,1350,47.1,10,1002.6,1013.1,2348,1005.4,207,1008.3,13.7,11.8,,,,,,,,,1.8,,21.2,10.6,,,,,,,,,,,,,
279,2015-05-05,16.5,7.6,532,24.5,1539,,,,,,,8,360,1524,4.3,340,1527,2.3,1963,0.7,19,1220,37.5,6.5,1005.4,1013.3,100,1008,1559,1011.2,13.8,12.9,,,,,,,,,,,20.1,3.8,,,,,,,,,,,,,
279,2015-05-06,15.8,7.1,535,24.7,1538,,,,,,,3.9,270,1507,2.2,320,1510,1,862,4.3,23,1240,49.5,8.4,1005.8,1013,2339,1009.5,1540,1011.6,13.8,6.3,,,,,,,,,8.5,,18.3,3.3,,,,,,,,,,,,,
279,2015-05-07,18.5,8.9,526,27.1,1511,,,,,,,7.7,290,1936,5,290,1942,1.6,1400,4.9,20,1442,45.4,8.7,1006.2,1013.7,713,1009.1,1548,1011.9,13.8,12.4,,,,,,,,,3.5,,21.5,4.9,,,,,,,,,,,,,
279,2015-05-08,18.6,10.1,513,24.6,1524,,,,,,,4.5,90,1011,2.8,270,9,1.3,1147,5.8,22,911,45.6,9.5,1007.3,1015.1,737,1010.9,1658,1013,13.9,6.7,,,,,,,,,7.8,,20.1,6,,,,,,,,,,,,,
279,2015-05-09,20.2,15.6,2342,26.2,1452,,,,,,,5.8,320,1100,3.2,340,1102,1.7,1463,8.9,31,1718,50.6,11.5,1006.7,1015.2,2348,1009.1,1632,1012.4,13.9,8.4,,,,,,,,,,,23.2,12.2,,,,,,,,,,,,,
279,2015-05-10,18.6,11.1,508,26.5,1524,,,,,,,7,110,1524,3.6,70,1530,1.7,1429,9.6,33,1555,58.9,12,1012.4,1021.8,2220,1015,117,1018.1,13.9,11.7,,,,,,,,,,,24.1,8.7,,,,,,,,,,,,,
279,2015-05-11,17.4,11.7,533,22.5,1356,,1,2104,2,2022,4,12.1,140,2325,5.2,110,1950,2.3,2017,11.2,41,1129,69.3,13.5,1007.3,1021.9,10,1001.4,2357,1013,14,4,,,,,,,,,9,,20.6,9.7,,,,,,,,,,,,,
279,2015-05-12,18.4,13.9,2230,22.7,1601,,1,308,1.5,106,5,11.4,110,27,5.8,290,2143,3,2587,7.4,26,1849,53.4,10.8,995.4,1004.1,759,998.6,226,1001.1,14,10,,,,,,,,,2.5,,21,10.5,,,,,,,,,,,,,
279,2015-05-13,20.9,10.2,515,29.1,1414,,,,,,,12.5,290,1348,7.3,290,1352,2.7,2306,6,18,1559,44.9,9.5,999.2,1009.2,2338,1001.3,32,1004.8,14,12.8,,,,,,,,,0,,22.8,6.7,,,,,,,,,,,,,
279,2015-05-14,21.3,11.7,419,28.9,1512,,,,,,,7.6,160,1344,3.8,110,1352,1.6,1354,13.4,42,1024,62.4,15.8,1002.2,1009.9,35,1005.1,1556,1007.9,14,11.8,,,,,,,,,0.5,,25.1,7.9,,,,,,,,,,,,,
279,2015-05-15,22.4,18.4,534,26.6,1314,,,,,,,6.2,320,2047,3.8,290,1948,1.5,1315,15.8,46,1515,67.9,18,1002.4,1009.5,842,1006.1,1651,1008,14.1,0.1,,,,,,,,,9.3,,23.6,16.2,,,,,,,,,,,,,
279,2015-05-16,20.8,13.5,2400,28.3,1435,,,,,,,8.3,250,1612,4.7,290,1825,2.2,1929,6.1,16,1443,44.9,10.1,1003.8,1011.7,2350,1007.5,1532,1009.5,14.1,12.4,,,,,,,,,,,26.1,7.2,,,,,,,,,,,,,
279,2015-05-17,18.9,8.5,530,27.6,1431,,,,,,,6.3,250,1634,3.2,250,1635,1.2,1057,4.3,17,1342,42.5,8.4,1005,1013.7,737,1008.4,1611,1010.8,14.1,12.5,,,,,,,,,,,23.2,3.1,,,,,,,,,,,,,
279,2015-05-18,16.2,13.1,2358,19.6,1104,,0,,0,,0,5.6,110,1232,2.9,110,1232,1.2,1066,9.5,42,925,65.8,11.9,1000.1,1009.5,16,1002.5,1612,1005.8,14.2,0.1,,,,,,,,,10,,19.4,10,,,,,,,,,,,,,
279,2015-05-19,19.5,10.9,453,28.2,1721,,,,,,,7.7,320,2309,4.2,340,2310,1.4,1200,11.6,29,1830,64,13.7,1000.1,1007.7,2323,1002.7,1648,1005.8,14.2,11.8,,,,,,,,,4,,23.9,6.3,,,,,,,,,,,,,
279,2015-05-20,19.1,12.8,441,24.6,1527,,,,,,,10,20,1657,4.8,290,1100,2.8,2410,5,24,1359,41.9,8.8,1002.3,1012,2346,1006.2,1456,1008,14.2,13.1,,,,,,,,,1.5,,25.2,7.4,,,,,,,,,,,,,
279,2015-05-21,21.4,12.8,528,28,1501,,,,,,,8.7,270,1331,4.6,320,1443,2.6,2271,6.4,23,1503,40.6,9.7,1007.7,1014.5,649,1012,1,1013.4,14.2,13.1,,,,,,,,,0.8,,26.7,9.7,,,,,,,,,,,,,
279,2015-05-22,23.4,15.2,517,29.8,1446,,,,,,,8.8,320,1410,4.5,320,1347,2.2,1863,4.9,18,1306,31.9,8.7,1007.8,1015.8,637,1010.9,1711,1013.4,14.3,10.7,,,,,,,,,4.3,,28.2,10.8,,,,,,,,,,,,,
279,2015-05-23,22.5,15.8,451,30.6,1524,,,,,,,6.7,340,1633,3.3,320,1505,1.4,1173,7.6,19,1525,42.5,10.5,1004.9,1013.3,640,1007.5,1726,1010.5,14.3,11.2,,,,,,,,,,,28,12.3,,,,,,,,,,,,,
279,2015-05-24,23.2,13.6,526,30.6,1349,,,,,,,6.7,320,1239,3.3,340,957,1.6,1389,5.8,18,1444,35.8,9.2,1002.2,1009.8,642,1005.1,1717,1007.8,14.3,13.2,,,,,,,,,,,28.9,9.5,,,,,,,,,,,,,
279,2015-05-25,24.1,13.6,530,32,1600,,,,,,,8.2,320,2307,4.4,290,2307,2.1,1808,6.6,19,1609,34.9,9.8,1002.5,1009.6,2322,1005.8,1714,1008.1,14.3,13.2,,,,,,,,,,,29.6,9.4,,,,,,,,,,,,,
279,2015-05-26,25.9,16.8,529,34,1513,,,,,,,6.3,340,1435,3.8,270,2044,2.2,1916,6.7,16,1709,33,9.9,1004.8,1012.4,804,1007.7,1705,1010.3,14.3,13.3,,,,,,,,,0,,30.9,13.7,,,,,,,,,,,,,
279,2015-05-27,24.5,14.4,517,33.3,1607,,,,,,,5,110,1438,3.2,270,2,1.3,1136,6.5,16,1341,35.5,9.8,1004.2,1012.2,629,1006.8,1746,1009.8,14.4,13.3,,,,,,,,,0.5,,31,9.5,,,,,,,,,,,,,
279,2015-05-28,24.2,17.2,511,31.4,1525,,,,,,,6.4,110,1530,3.4,110,1131,1.6,1380,9.6,22,1400,42.3,12,1003.6,1011,835,1007,1530,1009.2,14.4,9.4,,,,,,,,,2.5,,29.8,14.8,,,,,,,,,,,,,
279,2015-05-29,24.6,15.4,451,32.1,1500,,,,,,,6.1,230,1351,3.2,90,1320,1.5,1293,10.7,23,1315,44.9,12.9,1001.6,1010.5,554,1004.1,1647,1007.2,14.4,12.4,,,,,,,,,3,,31.7,12.2,,,,,,,,,,,,,
279,2015-05-30,20.7,17.4,2334,24.6,34,,0.5,740,1.5,747,1.5,5.9,290,1847,3.1,270,642,1.7,1503,14.3,43,32,68.1,16.4,999.4,1006.5,817,1002.5,1735,1005,14.4,2.2,,,,,,,,,,,22.4,14.1,,,,,,,,,,,,,
279,2015-05-31,23.1,16.4,554,31.3,1533,,,,,,,6.3,90,2047,2.9,90,2115,1.6,1353,11.7,23,1359,53.9,13.9,1002.2,1009.4,907,1005.9,1624,1007.8,14.4,12.5,,,,,,,,,,,29.5,14.7,,,,,,,,,,,,,
279,2015-06-01,24.3,15.4,506,31.6,1632,,,,,,,5.1,340,1241,2.9,340,1112,1.5,1306,12.9,29,1517,53.3,14.9,1004,1011.5,653,1007.6,1646,1009.6,14.5,12.5,,,,,,,,,5.5,,30.5,12.3,,,,,,,,,,,,,
279,2015-06-02,23.3,19.4,534,28.6,1551,,,,,,,4.8,90,1601,2.7,90,1609,1,891,13.5,38,1601,55.5,15.5,1002.1,1010.7,528,1004.8,1911,1007.6,14.5,2.9,,,,,,,,,7.5,,28.2,16.9,,,,,,,,,,,,,
279,2015-06-03,23.6,18.6,2400,29.7,1327,,,,,,,9.2,270,1446,5.2,270,1449,3,2625,8.2,20,1330,39.5,11,1000.8,1010.5,2400,1004.4,437,1006.4,14.5,10.1,,,,,,,,,3.5,,29.5,14.5,,,,,,,,,,,,,
279,2015-06-04,23.6,13.7,456,31.3,1524,,,,,,,6.4,70,1917,3.1,50,1210,1.2,1064,5.8,16,1454,35.5,9.3,1004.2,1012,752,1007.7,1829,1009.8,14.5,10.2,,,,,,,,,4.3,,31.1,9.5,,,,,,,,,,,,,
279,2015-06-05,17,12.5,2335,22.3,420,,0.5,957,2,926,3.5,9.8,270,419,3.3,250,600,1.2,1069,10.1,30,556,68.4,12.6,1002.1,1009.4,2309,1006.1,1707,1007.8,14.5,1.8,,,,,,,,,8.3,,,10.4,,,,,,,,,,,,,
279,2015-06-06,19.6,11.5,335,27.9,1605,,,,,,,7.6,160,2314,3.6,140,2316,1.4,1242,10.9,31,1438,62.4,13.1,1007.8,1016.4,2338,1009.2,1,1013.5,14.5,9.4,,,,,,,,,,,24.3,8.3,,,,,,,,,,,,,
279,2015-06-07,22.2,14.7,506,29.5,1637,,,,,,,7.1,110,1347,3.7,250,1533,1.8,1592,11,28,1436,53.6,13.2,1008.3,1017.3,708,1011.4,1729,1014,14.5,11.2,,,,,,,,,,,28.3,13,,,,,,,,,,,,,
279,2015-06-08,21.1,15.6,515,26.3,1229,,0.2,,0.5,1615,0.5,4.4,90,1139,2.1,270,109,1,874,15,46,1225,70.4,17.2,1002.1,1012.2,2,1005,1956,1007.7,14.5,2.8,,,,,,,,,9.8,,25.2,13,,,,,,,,,,,,,
279,2015-06-09,24,16.4,513,31.1,1543,,,,,,,6.9,290,1209,3.4,290,1216,1.5,1335,14,31,1540,57.9,16.1,1000.8,1008.5,2221,1005,1500,1006.3,14.6,11.3,,,,,,,,,6.3,,29.3,13.3,,,,,,,,,,,,,
279,2015-06-10,25.8,17.5,523,33.6,1512,,,,,,,7.3,250,1843,3.5,250,1828,1.6,1363,14,24,1353,52.5,16.1,1002.4,1010.6,532,1005.6,1547,1008,14.6,11.4,,,,,,,,,4,,30.9,14.3,,,,,,,,,,,,,
279,2015-06-11,22.8,17.8,431,26.2,1432,,,,,,,4.7,160,2023,2.6,250,1443,1.2,1045,14.8,49,1003,61.6,16.9,997.9,1007.4,1,1001.1,1740,1003.5,14.6,0,,,,,,,,,9.8,,25.9,15.8,,,,,,,,,,,,,
279,2015-06-12,25.5,18.6,510,33.3,1505,,,,,,,10.4,340,1229,5.2,340,1216,1.9,1623,12.8,24,1429,51,15,997.9,1006.3,2352,1001,234,1003.4,14.6,11.5,,,,,,,,,2.8,,31.4,15.9,,,,,,,,,,,,,
279,2015-06-13,24.1,18.3,213,29.9,1422,,,,,,,8.8,90,2005,4,110,2008,1.9,1600,15.5,45,1332,59.6,17.7,1000.9,1008.7,2301,1004.5,1609,1006.4,14.6,3.6,,,,,,,,,,,28.7,15.9,,,,,,,,,,,,,
279,2015-06-14,23.7,16.7,521,30.5,1401,,,,,,,6,110,1206,3.2,110,1213,1.5,1311,15.4,39,1336,61.9,17.5,1002.1,1009.8,917,1005.2,1527,1007.7,14.6,7.4,,,,,,,,,,,29.2,14.7,,,,,,,,,,,,,
279,2015-06-15,25.9,21.4,455,30.9,1521,,,,,,,4.9,250,1604,2.6,110,1226,0.9,776,17.8,43,1506,62.1,20.4,1001.1,1008.6,540,1004.5,1815,1006.7,14.6,5.5,,,,,,,,,7.5,,32.1,20.1,,,,,,,,,,,,,
279,2015-06-16,25.5,21.4,2358,33,1454,,1.1,1855,2,1841,2,11.9,90,1632,7.3,70,1635,1.2,1038,18.1,37,1433,66.8,20.9,999.1,1006.3,2217,1002.1,1542,1004.6,14.6,6.5,,,,,,,,,7,,33.3,20.6,,,,,,,,,,,,,
279,2015-06-17,23.1,20.1,2358,27.3,1504,,,,,,,5.1,110,1902,2.8,250,1136,1.2,1074,16.5,52,1341,68,18.9,999.7,1006.6,2303,1003.2,1742,1005.3,14.6,0.1,,,,,,,,,10,,26.4,17.8,,,,,,,,,,,,,
279,2015-06-18,23.2,16.5,524,27.9,1358,,,,,,,6.5,110,1408,3.7,90,1827,1.8,1530,15.5,45,1346,63.6,17.6,1000.9,1008.7,2320,1004.8,1540,1006.5,14.6,7.1,,,,,,,,,7.3,,28.1,14.9,,,,,,,,,,,,,
279,2015-06-19,24.4,20.6,613,30.9,1506,,0,,0,,0,6,160,1847,3.2,140,1851,1.6,1378,13.9,33,1500,53.6,15.9,1002.9,1010,2337,1006,1737,1008.5,14.6,10.8,,,,,,,,,4.3,,33.1,19.3,,,,,,,,,,,,,
279,2015-06-20,20.6,18.4,2306,22.7,1315,,2,1514,3.2,1450,5,5,140,1713,2.4,90,1216,1.1,962,17.2,65,1,81.4,19.6,1003.9,1010.2,610,1008.1,1730,1009.5,14.6,0.3,,,,,,,,,,,23.4,17.5,,,,,,,,,,,,,
279,2015-06-21,23,18.2,507,29.4,1459,,0.5,412,0.5,401,0.5,5.2,70,1409,2.9,110,2148,1,878,16.3,39,1617,69.5,18.6,1004.6,1011.6,803,1008.1,1657,1010.2,14.6,8.5,,,,,,,,,,,28.7,17.7,,,,,,,,,,,,,
279,2015-06-22,24,18.1,348,30,1425,,,,,,,7,270,1605,3.5,70,1205,1.3,1113,16.1,38,1625,64.6,18.4,1004.5,1012,739,1007.4,1642,1010,14.6,9.5,,,,,,,,,5,,28.7,16.5,,,,,,,,,,,,,
279,2015-06-23,26.3,19.6,509,32.1,1423,,,,,,,6.2,140,1826,3.5,290,17,1.6,1398,16.1,31,1531,55.8,18.3,1004.8,1012.2,738,1008.2,1700,1010.3,14.6,11.9,,,,,,,,,4.8,,32.5,16.4,,,,,,,,,,,,,
279,2015-06-24,23.9,20.3,527,28.5,1518,,,,,,,6.6,250,1351,4,250,1352,1.4,1194,17.5,51,1518,68.6,19.9,1004,1011.7,620,1007.4,1731,1009.6,14.6,1.3,,,,,,,,,10,,28.9,19.2,,,,,,,,,,,,,
279,2015-06-25,22.1,19.1,513,27.4,1400,,1.5,2342,5,2247,14,5.3,50,1230,3.4,70,1236,1.5,1301,17,47,1402,74.3,19.3,998.9,1008.5,2,1000.3,2400,1004.5,14.6,0.3,,,,,,,,,10,,25.3,17.2,,,,,,,,,,,,,
279,2015-06-26,21.4,18.9,128,24.3,1551,,3.5,354,11.5,334,31,6.7,270,2002,3.9,270,1821,1.7,1434,18.9,75,1604,86.3,21.8,990.7,1001.9,2337,993.1,951,996.3,14.6,0.4,,,,,,,,,9.8,,22.7,18.3,,,,,,,,,,,,,
279,2015-06-27,23.4,20.3,526,28,1537,,,,,,,6.7,250,1645,4.1,250,1649,1.5,1263,16.3,48,1426,65.8,18.5,1000.7,1009.8,2320,1001.6,14,1006.3,14.6,5.1,,,,,,,,,,,25.3,18.8,,,,,,,,,,,,,
279,2015-06-28,23.1,18.2,216,28.4,1619,,,,,,,5.9,90,1208,3.3,70,1632,1.6,1362,16.7,50,1435,68.5,19,1004.8,1011.5,817,1008.8,1806,1010.4,14.6,7.4,,,,,,,,,,,27.3,17,,,,,,,,,,,,,
279,2015-06-29,25.8,18.6,520,32.3,1554,,,,,,,6.2,110,1451,3.7,110,1424,1.3,1125,17.7,40,1537,63.3,20.3,1001.2,1011.3,3,1003.3,1727,1006.8,14.6,10.5,,,,,,,,,4.5,,30.2,17.5,,,,,,,,,,,,,
279,2015-06-30,21.3,18.7,2044,26,1,,1,2124,3,2110,10,5.4,110,1210,3.3,110,1218,0.8,663,18,57,104,82.5,20.7,994,1004.3,1,994.8,2358,999.6,14.6,0,,,,,,,,,10,,23.7,18.1,,,,,,,,,,,,,
279,2015-07-01,23.7,18.9,1,30.4,1512,,0.5,150,0.5,138,1,11.6,270,1541,4.6,270,1652,1.8,1530,16.5,37,1631,67.3,18.9,990.7,1000.5,2353,993.7,333,996.2,14.6,10.7,,,,,,,,,3.3,,25.7,17.8,,,,,,,,,,,,,
279,2015-07-02,23.6,16.1,510,30.3,1616,,0.5,1841,0.5,1840,0.5,5.4,360,1055,3.1,340,1108,1.4,1201,14.6,33,1330,60.5,16.8,996.2,1003.8,2346,1000,1732,1001.7,14.6,10.8,,,,,,,,,3.8,,26.6,14.4,,,,,,,,,,,,,
279,2015-07-03,24.2,18.6,519,29.8,1540,,,,,,,6.5,290,1501,3.3,320,1133,1.7,1485,14.8,32,1533,59.1,17,999.7,1008.2,2353,1003.6,10,1005.3,14.6,9,,,,,,,,,7.3,,28,17.1,,,,,,,,,,,,,
279,2015-07-04,22.4,16.5,531,27.8,1431,,,,,,,6.7,70,1336,3.5,110,1338,1.6,1354,14.1,36,1436,61.6,16.1,1004.2,1012.3,2358,1008.3,1,1009.8,14.6,9.2,,,,,,,,,,,25,14.6,,,,,,,,,,,,,
279,2015-07-05,23.8,17.7,544,29.9,1635,,,,,,0,6.7,140,2002,3.4,110,2120,1.4,1216,15.6,38,1512,62.6,17.7,1005.7,1013.1,747,1008.5,1702,1011.2,14.5,12,,,,,,,,,,,29.6,16.3,,,,,,,,,,,,,
279,2015-07-06,23.6,20.2,415,29.1,1534,,,,,,,4.7,140,2017,2.9,110,2025,1.3,1162,16.7,48,1535,66.6,19,1006.2,1013.1,803,1010,1634,1011.8,14.5,4.7,,,,,,,,,9.3,,28.3,18.8,,,,,,,,,,,,,
279,2015-07-07,19.8,17.5,2131,22.7,1121,,1.7,1935,7.1,1933,19.6,4.2,110,1117,2.6,70,1103,0.8,693,16.3,59,1122,81.5,18.5,1006,1012.6,1224,1010.9,1750,1011.7,14.5,0,,,,,,,,,10,,22.4,17.6,,,,,,,,,,,,,
279,2015-07-08,20.2,17.9,305,22.1,1643,,0.9,151,3,4,20.7,4,50,1824,1.9,70,1842,0.4,332,20,97,1249,99,23.5,1006.6,1014.6,2212,1010.6,247,1012.2,14.5,0,,,,,,,,,10,,22,17.9,,,,,,,,,,,,,
279,2015-07-09,21.1,19.9,552,22.8,1736,,3.7,727,10.3,713,64.7,2.4,180,43,1.3,160,45,0.2,214,20.8,95,1745,98.8,24.6,1010.1,1017,2147,1014.1,35,1015.8,14.5,0,,,,,,,,,10,,22,19.6,,,,,,,,,,,,,
279,2015-07-10,23.9,20.3,524,29,1622,,,,,,,4,70,1343,2.2,70,1348,0.7,609,21.8,67,1611,89.4,26.2,1008.7,1016.7,805,1012,1712,1014.3,14.5,4.9,,,,,,,,,7.5,,26,20.2,,,,,,,,,,,,,
279,2015-07-11,25.8,20.7,405,32.1,1448,,0,,0,,0,6.6,270,1759,2.9,200,1803,0.9,746,22.5,59,1451,84,27.3,1004.8,1012.8,1,1008,1531,1010.4,14.5,6,,,,,,,,,,,28.6,19.5,,,,,,,,,,,,,
279,2015-07-12,24.6,23.6,357,25.7,2005,,1.9,1400,6.3,1733,37.1,11.3,140,1859,4.3,110,1903,1.7,1460,24.2,93,2352,97.8,30.2,992.4,1008.1,2,991.6,2351,997.9,14.4,0,,,,,,,,,,,24.6,23,,,,,,,,,,,,,
279,2015-07-13,25.8,23.2,2400,29.2,1643,,0.4,16,1,1,1.1,11.6,110,157,4.2,270,1532,2,1742,21.3,56,1649,77.4,25.3,990.4,1001,2357,991.2,133,995.9,14.4,5.7,,,,,,,,,,,26.7,20.4,,,,,,,,,,,,,
279,2015-07-14,26.2,20.3,458,32.2,1505,,,,,,,6.5,320,1230,2.7,320,1235,1.2,1014,21.2,49,1338,77,25.3,997.9,1005.5,2304,1001,1,1003.4,14.4,10.3,,,,,,,,,,,29.4,18.4,,,,,,,,,,,,,
279,2015-07-15,25.8,20.8,534,33,1525,,0,,0,,0,8.7,50,1640,4.3,70,1647,1.1,989,21.2,45,1527,78.1,25.3,1000.7,1008.6,2346,1004,1512,1006.2,14.4,7.5,,,,,,,,,,,29.5,19.3,,,,,,,,,,,,,
279,2015-07-16,23.2,18.3,521,28.5,1437,,,,,,,9.1,50,1229,4.7,70,1205,2.3,1947,15.4,42,1659,63.9,17.6,1001.3,1008.7,3,1004.7,1642,1006.9,14.4,12.4,,,,,,,,,,,28.1,16.5,,,,,,,,,,,,,
279,2015-07-17,21.3,17.6,331,25,1655,,0.2,,0.2,,0.3,6.5,320,837,3.2,320,838,1.5,1261,16.5,59,1,75,18.9,1000.9,1007.6,2313,1005,1648,1006.5,14.4,1.7,,,,,,,,,,,26.2,15.4,,,,,,,,,,,,,
279,2015-07-18,24.1,21,413,29.2,1437,,,,,,,3.3,270,1505,1.6,270,1353,0.8,655,19.8,56,1438,78,23.2,1003.7,1010.4,2157,1007.6,1,1009.2,14.3,3,,,,,,,,,,,29.1,20.4,,,,,,,,,,,,,
279,2015-07-19,25.5,21,523,31.3,1458,,0,,0,,0,6.5,250,1409,2.8,200,1410,1.3,1115,20.6,52,1511,75.9,24.2,1005.2,1011.7,2157,1009.6,1509,1010.8,14.3,5.3,,,,,,,,,,,32.8,19.5,,,,,,,,,,,,,
279,2015-07-20,24.1,21.4,310,27.4,1512,,0.1,,0.1,,0.2,4.5,70,1626,3,70,1659,1.1,974,22.1,72,1,89.5,26.6,1004.3,1011.5,32,1008.5,1610,1009.9,14.3,0,,,,,,,,,,,27,21.3,,,,,,,,,,,,,
279,2015-07-21,25.8,22.4,516,30.6,1705,,0,,0,,0,4.4,140,1953,2.6,70,1011,1.1,908,23.6,70,1707,88.4,29.1,1001.8,1008.9,55,1005.4,1719,1007.3,14.3,1.6,,,,,,,,,,,29,22,,,,,,,,,,,,,
279,2015-07-22,27.5,23.2,406,31.9,1631,,,,,,,5.8,90,2032,2.5,110,1036,1.2,1037,24.1,59,1606,83.1,30,1000.7,1007.6,2312,1004.3,1647,1006.2,14.2,5.3,,,,,,,,,,,30.6,21.5,,,,,,,,,,,,,
279,2015-07-23,27,24,433,29.7,1646,,0.8,1048,1.8,1020,1.8,4.9,110,1906,2.2,110,1006,0.9,794,25,78,856,89.1,31.7,1002.1,1008.9,720,1006.2,1756,1007.6,14.2,1.3,,,,,,,,,,,29.3,22.2,,,,,,,,,,,,,
279,2015-07-24,27.8,26,222,30.4,1556,,,,,,,8.3,250,1642,3.2,230,1650,1.7,1433,24.8,72,1557,84.1,31.3,1000.1,1007.8,1,1004.4,1557,1005.6,14.2,3.8,,,,,,,,,,,30,24,,,,,,,,,,,,,
279,2015-07-25,28.3,25.9,531,32.2,1308,,,,,,,8.8,230,1157,3.1,230,1228,1.7,1447,23.3,60,1309,75.4,28.6,1001.4,1008.3,2237,1005.4,1720,1006.9,14.2,9.3,,,,,,,,,,,32.1,22.8,,,,,,,,,,,,,
279,2015-07-26,28.3,22.2,509,34.6,1531,,,,,,,6.1,320,1143,2.3,270,1900,1.1,949,23.1,42,1630,75.9,28.2,1002,1009.5,856,1005.4,1755,1007.5,14.2,12.7,,,,,,,,,,,36.6,19.5,,,,,,,,,,,,,
279,2015-07-27,27.5,25.3,537,32.1,1039,,0,,0,,0,6.2,340,1523,3.4,320,1525,1.6,1377,24,60,1041,81.8,29.8,1002.3,1008.4,2208,1006.7,106,1007.8,14.1,5,,,,,,,,,,,33.4,22.6,,,,,,,,,,,,,
279,2015-07-28,28.5,24.7,350,34.1,1455,,0.9,336,1.4,301,1.4,9.2,360,1258,3.6,290,1447,1.5,1289,24.4,51,1457,80.5,30.5,1002.1,1008.6,753,1006,1627,1007.6,14.1,7,,,,,,,,,,,34.8,24.3,,,,,,,,,,,,,
279,2015-07-29,27.4,24.6,346,30.6,958,,4.3,1214,5.2,1130,5.2,5.3,340,1215,2.2,360,1233,0.9,775,25.7,70,927,91.3,33,1001.7,1008.5,1221,1005.9,1745,1007.2,14.1,4.3,,,,,,,,,,,30.3,23.1,,,,,,,,,,,,,
279,2015-07-30,29.7,24.5,321,35.5,1455,,,,,,,4.7,320,1041,2.5,290,1506,1.1,964,25.1,49,1536,79.1,31.9,1002.8,1010,1008,1006.1,1801,1008.3,14,10.9,,,,,,,,,,,35.6,23.3,,,,,,,,,,,,,
279,2015-07-31,28.9,24.5,539,35.3,1529,,0.6,1726,0.8,1712,0.8,5.4,90,1122,3.2,110,1018,1.2,1004,25.6,47,1531,84.5,32.9,1003.3,1010.5,755,1007.1,1613,1008.8,14,9,,,,,,,,,,,36.1,22.8,,,,,,,,,,,,,
279,2015-08-01,29.2,23.9,558,35.4,1508,,0,,0,,0,4.1,110,1125,2.4,250,1416,1,884,24.8,49,1240,79.9,31.3,1004.2,1011.2,1004,1007.9,1646,1009.7,14,9.8,,,,,,,,,,,37.2,22.1,,,,,,,,,,,,,
279,2015-08-02,26.9,23.8,554,34.5,1350,,2.1,1425,3.5,1413,3.5,6.6,360,1407,3.6,290,1429,1.1,975,24.8,54,1351,89.5,31.4,1005,1011.8,732,1009.1,1735,1010.5,14,7.1,,,,,,,,,,,31.1,21.6,,,,,,,,,,,,,
279,2015-08-03,29.1,24.2,533,35.3,1440,,,,,,,5.4,160,1455,2.7,290,1221,1.1,940,24.1,45,1218,77.5,30.1,1003.7,1011.2,647,1006.9,1642,1009.1,13.9,11.2,,,,,,,,,,,34.4,23,,,,,,,,,,,,,
279,2015-08-04,28.7,22.9,555,35.9,1517,,,,,,,5.2,70,1316,2.2,70,1318,1.1,933,23.3,46,1352,75.6,28.6,1002,1009.4,403,1005,1652,1007.5,13.9,12.2,,,,,,,,,,,36.8,20.8,,,,,,,,,,,,,
279,2015-08-05,28.8,23,454,35.6,1551,,,,,,,6.1,360,1056,3.2,320,1057,1.2,1018,23.7,47,1306,76.5,29.3,1002.8,1010.1,2356,1006.3,1523,1008.2,13.9,12.3,,,,,,,,,,,37.9,19.7,,,,,,,,,,,,,
279,2015-08-06,29.8,23.8,518,36.5,1425,,,,,,,4.8,230,1453,2.7,110,1326,1.1,927,23.3,40,1334,71.4,28.6,1005.7,1013.4,2329,1009.7,1712,1011.2,13.9,12.2,,,,,,,,,,,38.9,21.6,,,,,,,,,,,,,
279,2015-08-07,30.3,23.7,508,36.8,1519,,,,,,,4.8,50,1153,2.5,70,1202,1.2,1032,22.6,36,1451,67.6,27.6,1009,1016,910,1012.7,1637,1014.5,13.8,11.9,,,,,,,,,,,39.2,21.5,,,,,,,,,,,,,
279,2015-08-08,27.6,23.3,2348,35.9,1308,,1.6,1639,1.8,1605,2.1,11.7,340,1618,5.6,290,1648,1.5,1275,24.1,46,1315,84,30,1007.9,1015.3,124,1010.1,1519,1013.4,13.8,7.6,,,,,,,,,,,36,22.6,,,,,,,,,,,,,
279,2015-08-09,27.4,23.1,22,33.1,1506,,,,,,,6.7,340,1323,3.5,320,1325,1.6,1352,23.1,48,1436,79.6,28.3,1005.1,1012.8,1,1008.8,1722,1010.6,13.8,7.2,,,,,,,,,,,32.9,22.3,,,,,,,,,,,,,
279,2015-08-10,27.4,23.8,401,32.9,1411,,,,,,,5.6,360,1331,3.2,270,1030,1.5,1260,22.3,48,1505,76.3,27,1003.5,1010.4,1033,1007.5,1643,1009,13.7,3.7,,,,,,,,,,,32.4,21.2,,,,,,,,,,,,,
279,2015-08-11,25.8,21,2124,30.6,1523,,0.2,,0.5,1951,0.5,5.4,90,2235,2.9,70,2240,1,867,21.4,48,1943,78.9,25.6,1002.4,1009.6,2159,1006.1,1726,1007.9,13.7,0.1,,,,,,,,,,,29.3,19.2,,,,,,,,,,,,,
279,2015-08-12,21.7,19.7,539,24.4,1608,,0.9,808,3.6,1008,11.1,2.6,160,1635,1.6,270,539,0.7,571,21,73,28,96.5,25,999.8,1008.1,1,1003.5,1646,1005.4,13.7,0,,,,,,,,,,,23.7,19.2,,,,,,,,,,,,,
279,2015-08-13,24.3,20.8,516,31.6,1516,,6.1,2041,20.6,1951,26.1,4.6,70,1608,2.6,50,1613,0.9,754,21.8,56,1505,88.1,26.2,999.6,1006.6,858,1002.9,1609,1005.1,13.6,5.6,,,,,,,,,,,28.1,19.6,,,,,,,,,,,,,
279,2015-08-14,25.2,20.7,146,31.4,1627,,,,,,,4.3,340,1223,2.3,70,1406,0.9,769,22.2,52,1559,85.6,26.8,1000.5,1007.7,2354,1004.3,1540,1006.1,13.6,8.9,,,,,,,,,,,28.8,19.5,,,,,,,,,,,,,
279,2015-08-15,26.4,21.4,524,33.1,1411,,,,,,,4.6,140,1509,2.1,140,1513,1,858,22.1,43,1401,80.3,26.6,1002.3,1009.2,738,1006,1730,1007.8,13.6,11,,,,,,,,,,,31.2,19.8,,,,,,,,,,,,,
279,2015-08-16,24.7,22,512,29.2,1344,,0.9,2217,2,2210,2,7,50,1508,3.8,70,1508,0.9,782,22.8,71,1326,89.8,27.8,1002.1,1008.7,2215,1006,1620,1007.6,13.5,0.3,,,,,,,,,,,26.8,20.7,,,,,,,,,,,,,
279,2015-08-17,25.2,20.3,505,31.4,1614,,0,,0,,0,6.7,90,1809,3.4,90,1815,1.2,1008,21.5,48,1600,82.6,25.7,1002.5,1011,2327,1006.3,1559,1008.1,13.5,6.7,,,,,,,,,,,31.4,19.3,,,,,,,,,,,,,
279,2015-08-18,24.7,20.6,349,30.1,1518,,,,,,,4.7,110,2001,2.2,110,1926,1.1,955,21,55,1513,81.6,24.9,1007.3,1014.6,2356,1010.8,13,1012.9,13.5,5,,,,,,,,,,,29.1,18.9,,,,,,,,,,,,,
279,2015-08-19,24.8,20.2,335,28.8,1609,,,,,,,3.5,70,1230,1.8,70,1438,0.9,745,21.3,65,1444,82.1,25.4,1008,1015.8,812,1011.6,1722,1013.6,13.4,0.7,,,,,,,,,,,28.4,18.5,,,,,,,,,,,,,
279,2015-08-20,23.4,21.7,2350,26.5,1513,,0.6,405,1.1,345,3.7,3.6,140,1311,1.6,140,1317,0.8,669,22.3,76,1238,94.1,26.9,1004.5,1012.4,33,1008.3,1847,1010.1,13.4,0.1,,,,,,,,,,,25.8,21.9,,,,,,,,,,,,,
279,2015-08-21,22.9,20.7,345,27.9,1726,,0.8,232,2.5,220,12.5,3.7,290,1418,1.9,290,1426,0.8,668,21.8,68,1537,94.1,26.1,999.2,1008.6,1,1002.7,1619,1004.8,13.4,2.2,,,,,,,,,,,25.9,20.8,,,,,,,,,,,,,
279,2015-08-22,24.9,21.1,347,29.1,1241,,,,,,,3.7,320,1210,2.2,270,2016,0.8,664,22.2,58,1507,86.3,26.8,1000.1,1006.6,956,1004.6,1537,1005.6,13.3,2.2,,,,,,,,,,,26.6,19.9,,,,,,,,,,,,,
279,2015-08-23,25,21.9,545,29.8,1509,,,,,,,3.4,200,1640,1.8,230,1653,0.8,723,22.3,53,1644,86.4,26.9,1001.5,1008.3,2304,1005.9,13,1007.1,13.3,3.4,,,,,,,,,,,28,21.2,,,,,,,,,,,,,
279,2015-08-24,24.7,22.2,2359,27.3,1221,,2.9,2351,4.6,2301,4.6,5.3,90,1949,2.7,70,1937,1.2,1056,22,69,1556,85.9,26.5,1001.8,1008.9,416,1005.2,2355,1007.3,13.3,0.6,,,,,,,,,,,27.1,21.7,,,,,,,,,,,,,
279,2015-08-25,21.7,20.3,1907,23.1,903,,1.2,1,4.3,1,36.8,7.6,290,1552,4.4,290,1708,1.9,1632,21.3,92,945,97.9,25.3,993.7,1005.2,2,996.2,1505,999.2,13.2,0,,,,,,,,,,,22.5,18.7,,,,,,,,,,,,,
279,2015-08-26,23.4,20.3,2348,28.5,1507,,,,,,,7.7,290,1402,4,290,1349,1.8,1574,19.1,50,1513,78.8,22.1,999.4,1007.5,2339,1001.1,1,1005,13.2,8.8,,,,,,,,,,,25.6,18.6,,,,,,,,,,,,,
279,2015-08-27,23.1,17.6,535,28.5,1414,,,,,,,6.5,270,1515,3.1,270,1109,1.3,1112,19.8,57,1422,83.8,23.2,1002,1009.1,2255,1006.4,1439,1007.6,13.1,7.2,,,,,,,,,,,26.5,16.5,,,,,,,,,,,,,
279,2015-08-28,22.8,18.4,543,28.7,1345,,0,,0,,0,4.6,90,951,2.4,320,1936,1,859,20.8,60,1347,89.3,24.6,1003.1,1010,827,1006.6,1626,1008.7,13.1,5.9,,,,,,,,,,,25.9,17.2,,,,,,,,,,,,,
279,2015-08-29,22.9,19.3,516,28.7,1516,,,,,,,4.3,110,1109,2.4,70,1111,1.1,952,19.8,49,1528,84.8,23.1,1003.6,1010.6,924,1007,1706,1009.2,13.1,8.3,,,,,,,,,,,27.9,18.2,,,,,,,,,,,,,
279,2015-08-30,23.3,17.9,517,29.9,1336,,,,,,,3.2,20,1334,2,230,1513,0.9,765,19.2,46,1342,80.6,22.4,1005.3,1012.6,2400,1009.1,1642,1010.9,13,8.1,,,,,,,,,,,28,16.2,,,,,,,,,,,,,
279,2015-08-31,24.2,19.3,414,29.9,1531,,,,,,,5.2,70,1607,2.6,70,1639,1.1,963,20.3,55,1535,80.6,23.8,1006.6,1013.5,724,1010.3,1632,1012.2,13,4.7,,,,,,,,,,,27.7,17.8,,,,,,,,,,,,,
279,2015-09-01,23.3,20.6,451,27.6,1455,,5.1,1907,6.7,1828,9.7,4.5,140,1856,2.2,270,601,1,880,20.8,61,1430,87.3,24.7,1005,1012.6,2341,1008.9,1618,1010.6,13,0.9,,,,,,,,,,,26.5,19.7,,,,,,,,,,,,,
279,2015-09-02,22.8,20.2,2245,28.3,1456,,11.5,1719,35.5,1715,39.3,10.7,340,1637,4.7,290,1645,1.3,1104,21.1,66,1458,91.1,25,1007,1013.8,1003,1010.4,1555,1012.6,12.9,4.3,,,,,,,,,,,26.1,19.5,,,,,,,,,,,,,
279,2015-09-03,23.3,19.7,504,28.4,1613,,,,,,,5.4,340,1233,2.4,340,1226,1.1,962,20.5,58,1608,85.9,24.1,1005.3,1012.5,29,1008.7,1516,1010.9,12.9,6.2,,,,,,,,,,,25.4,19,,,,,,,,,,,,,
279,2015-09-04,24.1,18.9,559,29.2,1629,,,,,,,5,140,2046,2.5,270,922,1,854,19.3,48,1623,77.1,22.5,1006.6,1013.7,734,1010.4,1610,1012.2,12.9,9.7,,,,,,,,,,,26.9,16.9,,,,,,,,,,,,,
279,2015-09-05,22.2,19.9,1934,25.9,1358,,6,1703,16,1631,24.3,6.3,140,1034,2.9,110,1135,1,900,20,66,1212,89,23.4,1004,1012.6,1,1007.2,2329,1009.6,12.8,1.1,,,,,,,,,,,23.9,19.6,,,,,,,,,,,,,
279,2015-09-06,20.7,17.2,2346,23.3,1217,,0,,0,,0,7.4,50,1237,3.9,70,1324,1.3,1107,18.7,75,1223,89.3,21.6,1001.8,1011,2348,1004.6,417,1007.4,12.8,0.2,,,,,,,,,,,23,16.4,,,,,,,,,,,,,
279,2015-09-07,20.5,15,600,27.3,1541,,,,,,,6.5,50,1624,3.5,70,1439,1.4,1192,14.9,43,1552,74,17,1007.1,1016.4,2355,1010.6,218,1012.8,12.8,9.8,,,,,,,,,,,23.4,13.9,,,,,,,,,,,,,
279,2015-09-08,19.5,13.1,506,26.3,1417,,,,,,,7.2,90,1445,4,70,1518,1.5,1268,13.4,36,1613,71.1,15.4,1010.8,1018.1,2353,1014.5,1613,1016.5,12.7,10.5,,,,,,,,,,,21.9,11.4,,,,,,,,,,,,,
279,2015-09-09,19.8,12.1,607,28.1,1547,,,,,,,5.3,290,1504,2.6,320,1410,1.4,1183,13.5,35,1641,71.1,15.5,1009.7,1018.2,5,1012.3,1614,1015.4,12.7,11.2,,,,,,,,,,,22.5,10,,,,,,,,,,,,,
279,2015-09-10,20.5,12.8,625,28,1606,,,,,,,5.1,340,1420,1.9,20,1255,0.9,751,14.8,40,1203,73.8,16.9,1008.3,1016.2,810,1011,1653,1013.9,12.6,11.2,,,,,,,,,,,23.4,10.6,,,,,,,,,,,,,
279,2015-09-11,21.9,15.4,626,28.5,1427,,0,,0,,0,4.5,290,1352,2.6,290,1804,1,843,17.3,46,1447,77.6,19.8,1004.7,1013.4,1,1007.4,1540,1010.3,12.6,7.8,,,,,,,,,,,25.1,14.3,,,,,,,,,,,,,
279,2015-09-12,19.4,16.4,2336,22.4,1053,,0.2,,0.2,,0.2,6,270,2305,2.7,290,1126,1.4,1182,16.8,59,1056,86.1,19.3,1004.1,1012.7,2357,1007.6,257,1009.7,12.6,0.6,,,,,,,,,,,20.9,14.8,,,,,,,,,,,,,
279,2015-09-13,19.1,13.4,543,25.2,1451,,,,,,,8.1,290,1451,3.7,320,1335,1.5,1313,12.5,33,1444,70,14.6,1011.1,1020.8,2335,1012.7,1,1016.8,12.5,11,,,,,,,,,,,22.1,11.1,,,,,,,,,,,,,
279,2015-09-14,18.3,11.5,559,26.6,1544,,,,,,,5.2,320,1546,2.3,340,1550,1,830,11.7,39,1408,70.1,13.8,1016.5,1023.9,829,1020.1,1546,1022.3,12.5,9.7,,,,,,,,,,,23,9.4,,,,,,,,,,,,,
279,2015-09-15,18.1,11.7,606,25.6,1515,,,,,,,6.3,90,1559,3.2,90,1607,1.1,972,12.3,40,1516,72.6,14.3,1016,1023.8,604,1019.4,1558,1021.7,12.4,8.6,,,,,,,,,,,21.6,9.1,,,,,,,,,,,,,
279,2015-09-16,18.6,11.5,543,24.2,1512,,,,,,,5.3,90,1830,3.3,70,1934,1.2,1015,13.7,55,1541,75.3,15.8,1012.6,1020.9,31,1015.7,1504,1018.3,12.4,4.1,,,,,,,,,,,22,9,,,,,,,,,,,,,
279,2015-09-17,18.9,16,459,21.9,1426,,0.2,610,0.4,256,1,6.3,50,1551,3.1,70,1553,1,885,15.6,63,1546,82.3,17.8,1011.6,1018.4,2301,1016.3,1532,1017.3,12.4,0.4,,,,,,,,,,,21.2,16.9,,,,,,,,,,,,,
279,2015-09-18,20.2,15.1,624,26.5,1557,,,,,,,5.3,110,2125,2.6,110,2107,1,901,14.8,41,1635,74.5,16.9,1011.1,1018.8,746,1014.6,1825,1016.8,12.3,10.3,,,,,,,,,,,24.3,13.8,,,,,,,,,,,,,
279,2015-09-19,20,14.5,553,27.2,1511,,,,,,,3.4,320,1236,1.9,90,1313,0.9,777,16.1,46,1517,81.5,18.4,1008.3,1016.6,1,1010.9,1615,1014,12.3,9.3,,,,,,,,,,,23.8,12.5,,,,,,,,,,,,,
279,2015-09-20,20.1,14.4,607,26.7,1257,,,,,,,3.5,90,1259,1.8,70,1029,0.9,758,16.5,50,1437,82.4,18.8,1006.9,1014.4,817,1010.1,1538,1012.5,12.3,6.8,,,,,,,,,,,24,12.1,,,,,,,,,,,,,
279,2015-09-21,21.3,14.7,615,29.1,1537,,,,,,,4.2,110,2029,2.3,110,2036,0.9,800,15.2,24,1442,73.3,17.4,1008.9,1017,2354,1012.7,1515,1014.5,12.2,10.4,,,,,,,,,,,24.6,12.6,,,,,,,,,,,,,
279,2015-09-22,20.7,14.3,540,28.1,1457,,,,,,,4.7,160,2136,2.4,70,1203,1.1,937,15.2,40,1530,74.8,17.3,1010.9,1019.3,729,1014.1,1816,1016.6,12.2,10.3,,,,,,,,,,,24.6,11,,,,,,,,,,,,,
279,2015-09-23,18.5,15.3,352,21.7,1513,,0.3,2259,0.6,2224,0.8,4.1,160,2204,2.2,270,20,0.8,678,17.2,75,1452,93.1,19.7,1006.4,1015.8,37,1009.4,2236,1012.1,12.1,0,,,,,,,,,,,20.6,13.5,,,,,,,,,,,,,
279,2015-09-24,20.4,17.3,2359,24.2,1412,,0,,0,,0,3.5,110,1500,2,90,1509,0.8,721,18.6,69,1623,90.6,21.5,1002.2,1009.4,1,1006,1437,1007.8,12.1,0.2,,,,,,,,,,,22.4,16,,,,,,,,,,,,,
279,2015-09-25,20.1,15.3,419,25.6,1516,,,,,,,4.3,110,1221,1.8,270,2015,0.9,739,17.2,57,1502,85.5,19.7,1002.4,1009.7,2251,1006.2,1602,1008.1,12.1,2.7,,,,,,,,,,,23.3,13.7,,,,,,,,,,,,,
279,2015-09-26,20.1,15.2,617,26.3,1347,,,,,,,3.6,320,1731,2,270,2009,0.9,809,16.7,54,1451,83.5,19.1,1005.5,1013.5,2323,1009.4,2,1011.2,12,4.2,,,,,,,,,,,22.7,12.6,,,,,,,,,,,,,
279,2015-09-27,19.6,13.5,613,27.7,1552,,,,,,,3.7,70,1254,2.3,70,1259,0.8,723,15.1,36,1437,79.1,17.3,1009.2,1017,2231,1012.9,1515,1014.9,12,9.9,,,,,,,,,,,23.1,10.2,,,,,,,,,,,,,
279,2015-09-28,21.4,13.3,604,29.5,1510,,,,,,,5.6,90,1930,2.5,140,1935,1,838,12.8,32,1603,63.3,14.8,1013.3,1021.9,2313,1016.6,1,1019,12,9.1,,,,,,,,,,,24.3,8.9,,,,,,,,,,,,,
279,2015-09-29,20.4,14.6,602,27.8,1442,,,,,,,5.3,110,1819,2.9,70,1940,1.3,1098,14.1,41,1255,69.8,16.1,1018.1,1026.6,2153,1020.8,248,1023.8,11.9,9.7,,,,,,,,,,,24.9,12.6,,,,,,,,,,,,,
279,2015-09-30,19.6,15.8,619,23.4,1357,,,,,,,5.7,110,1358,2.4,140,1328,1.2,1028,13.1,46,1136,68,15.2,1016.8,1027.1,747,1016.1,2355,1022.5,11.9,2.1,,,,,,,,,,,23.2,15.7,,,,,,,,,,,,,
279,2015-10-01,18.6,16.1,2400,22.3,1719,,5.7,307,13.6,306,27.6,12.7,320,2119,6.1,290,2234,2.1,1834,16.5,61,2358,88.6,19.1,997.9,1016.2,1,994.4,1446,1003.6,11.9,0.2,,,,,,,,,,,19.7,14.4,,,,,,,,,,,,,
279,2015-10-02,16.1,10.2,633,22.3,1432,,,,,,,14,290,216,7.7,290,239,2.2,1920,4.8,25,1158,51,8.9,1009,1017,2345,1008.4,1,1014.8,11.8,9.5,,,,,,,,,,,16.6,6.4,,,,,,,,,,,,,
279,2015-10-03,18.2,10.3,658,25.9,1427,,,,,,,8.1,290,1445,3.9,270,1518,1.5,1257,12.2,39,1506,71.4,14.3,1013.1,1022.2,2350,1016.8,1435,1018.8,11.8,8.3,,,,,,,,,,,18.4,7.7,,,,,,,,,,,,,
279,2015-10-04,17.8,12,615,25.1,1502,,,,,,,4.9,290,25,2.9,290,26,1,821,8.3,25,1509,57.4,11.1,1019.5,1028,830,1022.1,1,1025.3,11.7,8.1,,,,,,,,,,,19.7,9.4,,,,,,,,,,,,,
279,2015-10-05,16.5,11.8,2356,24.6,1447,,,,,,,4.2,70,1323,2.2,70,1407,0.9,779,9.1,27,1502,66.8,11.7,1017.8,1026.3,831,1020.9,1802,1023.6,11.7,9.3,,,,,,,,,,,19.3,9.9,,,,,,,,,,,,,
279,2015-10-06,16.5,9.2,619,26,1513,,,,,,,3.3,90,1225,1.8,50,1249,0.8,687,9.5,22,1527,69.3,12,1015,1023.2,830,1018.4,1530,1020.8,11.7,9.3,,,,,,,,,,,19,5.9,,,,,,,,,,,,,
279,2015-10-07,16.9,10.1,558,25.5,1408,,,,,,,4,90,1338,2.2,70,1339,0.8,691,11.1,35,1546,72.5,13.2,1012.2,1020.8,822,1015.4,1727,1018,11.6,7.3,,,,,,,,,,,19.5,7.1,,,,,,,,,,,,,
279,2015-10-08,17.5,10.3,619,25.4,1454,,,,,,,5.7,360,1441,2.3,320,1441,0.9,784,11.7,38,1512,72.5,13.8,1006.6,1016.5,1,1009.6,1556,1012.4,11.6,8.9,,,,,,,,,,,19.8,7.7,,,,,,,,,,,,,
279,2015-10-09,17.1,11.4,2358,21.9,1343,,0,,0,,0,9.1,340,1338,4.4,290,1254,1.9,1658,7.5,23,1348,57.5,10.8,1005.1,1013.6,2325,1009.5,436,1010.9,11.5,7.3,,,,,,,,,,,18.4,8.7,,,,,,,,,,,,,
279,2015-10-10,14,6.9,518,22.3,1545,,1.4,1820,2.6,1740,3.2,7.8,270,1529,4.2,270,1534,1.2,1009,9.3,34,1536,78.1,11.9,1004.8,1013.4,1,1007.1,1602,1010.6,11.5,8.3,,,,,,,,,,,17.6,3.2,,,,,,,,,,,,,
279,2015-10-11,13.4,8.5,646,17.8,1300,,0.4,1734,1.2,1724,1.5,8.7,250,1408,4,290,148,1.3,1156,8.5,42,1048,75.8,11.3,1007.5,1015.6,2210,1009.8,3,1013.4,11.5,3.9,,,,,,,,,,,15.2,6.8,,,,,,,,,,,,,
279,2015-10-12,13.2,9.5,208,19.5,1418,,0.3,521,0.3,509,0.3,9.6,290,1321,4.5,320,1326,1.5,1278,7.7,37,1453,73.6,10.7,1011.2,1019.9,2359,1014.9,315,1017.1,11.4,6.1,,,,,,,,,,,14.1,6.6,,,,,,,,,,,,,
279,2015-10-13,15,7.4,446,22.8,1517,,,,,,,7,230,1430,3.5,290,1543,1.4,1226,7,25,1430,65,10.1,1014.4,1022.3,854,1018.4,1516,1020.2,11.4,9.3,,,,,,,,,,,15.6,4.2,,,,,,,,,,,,,
279,2015-10-14,15.3,8.6,538,24,1425,,,,,,,4.8,290,1152,2.6,340,1008,0.9,766,10,33,1438,74.8,12.3,1014.8,1022.2,917,1018.5,1446,1020.6,11.4,9.4,,,,,,,,,,,17.3,5.9,,,,,,,,,,,,,
279,2015-10-15,15,8.8,503,24.1,1424,,,,,,,3.5,110,1344,1.7,50,1404,0.8,688,10.5,37,1510,78.1,12.7,1014.4,1022.3,905,1017.9,1502,1020.2,11.3,8.9,,,,,,,,,,,17.9,6.2,,,,,,,,,,,,,
279,2015-10-16,15.2,9.2,652,23.7,1533,,,,,,,3.5,70,1333,1.8,70,1338,0.8,653,10.8,32,1525,79.4,13,1014.2,1021.4,2337,1017.7,1530,1020,11.3,9.3,,,,,,,,,,,18.8,6.3,,,,,,,,,,,,,
279,2015-10-17,15.4,9.3,648,25.6,1518,,,,,,,3.4,90,1330,1.8,90,1543,0.8,666,9.9,22,1519,75.6,12.3,1015,1022.8,734,1018.8,1526,1020.8,11.2,9.1,,,,,,,,,,,19.4,6.1,,,,,,,,,,,,,
279,2015-10-18,16.3,7.9,622,25.9,1449,,,,,,,4.1,340,1227,2.4,320,1243,0.8,701,10,30,1413,71.6,12.4,1013.9,1021.8,808,1017.6,1520,1019.7,11.2,8.9,,,,,,,,,,,18.3,4.7,,,,,,,,,,,,,
279,2015-10-19,15.7,9.2,627,24,1356,,,,,,,4.2,50,1358,2.1,70,1235,0.8,671,12.2,49,1358,82.1,14.3,1012.1,1021.2,838,1014.8,1610,1017.9,11.2,8,,,,,,,,,,,18.1,6,,,,,,,,,,,,,
279,2015-10-20,17,10.7,547,24,1450,,,,,,,3.8,90,2031,2.1,90,2035,0.7,573,12.7,48,1312,78.6,14.8,1011.6,1019.1,2331,1015.4,1446,1017.4,11.1,7.4,,,,,,,,,,,18.7,7.6,,,,,,,,,,,,,
279,2015-10-21,16.6,11.2,641,24.4,1450,,,,,,,2.3,110,1103,1.5,270,1855,0.7,572,13.9,55,1544,86,15.9,1013.4,1021,847,1016.8,1502,1019.2,11.1,7.3,,,,,,,,,,,19.2,8.7,,,,,,,,,,,,,
279,2015-10-22,16.8,12.4,327,22.5,1509,,,,,,,5,160,1954,2.3,110,1956,0.8,726,13.4,54,1437,82.4,15.4,1015.9,1023.8,846,1019.6,1509,1021.7,11.1,4.1,,,,,,,,,,,18.6,9.8,,,,,,,,,,,,,
279,2015-10-23,16.7,11.8,239,23.5,1530,,,,,,,4.1,270,1626,2.2,290,1626,0.9,746,13.1,47,1516,82.3,15.1,1013.6,1021.9,147,1016.6,1500,1019.3,11,7.1,,,,,,,,,,,19.4,10.2,,,,,,,,,,,,,
279,2015-10-24,16.6,11.3,329,22.4,1234,,,,,,,7.5,270,1322,3.9,270,1308,1.2,1074,13.2,59,1235,82,15.2,1012.6,1022.2,2347,1016,1532,1018.4,11,4.5,,,,,,,,,,,17.8,8.1,,,,,,,,,,,,,
279,2015-10-25,15.6,9.9,702,21.1,1424,,,,,,,5,110,2025,2.4,110,1944,1.1,918,7.4,34,1425,62,10.4,1018.8,1026.7,919,1022.1,1,1024.7,11,8.6,,,,,,,,,,,18.7,6.7,,,,,,,,,,,,,
279,2015-10-26,14.5,8.1,349,19.8,1451,,,,,,,7.3,140,1528,3.1,110,2257,1.2,1034,8,41,1328,68.1,10.7,1015,1025.7,139,1015.4,2359,1020.8,10.9,7,,,,,,,,,,,18,4,,,,,,,,,,,,,
279,2015-10-27,13.5,11,2349,17,1145,,2,934,8.2,903,16.6,9.7,270,1702,5.2,290,1429,2.1,1852,9.5,54,1751,78.9,12.2,1005.4,1017,2357,1007.8,1315,1011.2,10.9,2.2,,,,,,,,,,,14,9.3,,,,,,,,,,,,,
279,2015-10-28,12.3,6.6,720,17.6,1436,,,,,,,7.8,290,1305,4,290,1345,1.3,1139,3.3,27,1445,58.4,7.8,1013.4,1020.9,918,1016.9,1,1019.3,10.9,8.3,,,,,,,,,,,13.1,2.8,,,,,,,,,,,,,
279,2015-10-29,11.9,7.2,2209,16.1,1547,,,,,,,5.5,360,1419,2.7,340,902,1.3,1146,0.9,23,1104,49.6,6.7,1016.5,1024.3,850,1020.4,1532,1022.4,10.8,6.8,,,,,,,,,,,13.1,4.5,,,,,,,,,,,,,
279,2015-10-30,9.3,4,2319,13.6,1354,,0,,0,,0,9,360,1437,4.6,270,1509,2.1,1829,-2.8,19,1301,44.5,5,1020.7,1029.7,2306,1022.7,3,1026.7,10.8,8.4,,,,,,,,,,,11.7,0.2,,,,,,,,,,,,,
279,2015-10-31,6.7,0.9,724,13.9,1441,,,,,,,10.1,290,1046,3.9,290,1223,1.5,1297,-2.6,22,1420,55.8,5.1,1023.4,1031.3,856,1027.5,1443,1029.5,10.8,8.3,,,,,,,,,,,9.3,-1.9,,,,,,,,,,,,,
279,2015-11-01,5.7,0.4,634,9.3,1505,,,,,,0,3,250,2253,1.6,290,2246,0.5,473,0.8,48,1408,72.8,6.5,1020.5,1029.2,1,1023.5,2320,1026.6,10.7,0,,,,,,,,,,,7.4,-3.3,,,,,,,,,,,,,
279,2015-11-02,9.9,3.1,711,16.6,1517,,,,,,,8.9,270,1503,4.4,270,1504,1.2,1071,3.3,36,1453,67,7.8,1016.9,1025.4,2347,1020.6,1441,1022.9,10.7,8,,,,,,,,,,,11.3,0.5,,,,,,,,,,,,,
279,2015-11-03,11.1,5,708,19.8,1502,,,,,,,5.2,340,1017,2.4,320,1016,0.9,764,5.4,32,1524,72.4,9,1022.7,1031,2229,1025.3,1,1028.7,10.7,8.3,,,,,,,,,,,12.6,1.5,,,,,,,,,,,,,
279,2015-11-04,9.8,2.7,619,19.8,1414,,,,,,,3.2,90,1323,1.9,270,1853,0.8,660,5.2,35,1556,77.8,8.9,1023,1032.3,813,1026.5,1711,1029,10.6,8.2,,,,,,,,,,,11.4,-1.2,,,,,,,,,,,,,
279,2015-11-05,12.7,5.9,405,21.7,1528,,,,,,,4.4,290,1532,2.3,290,1534,0.8,665,7,36,1530,72,10,1019.5,1027.6,853,1022.4,1513,1025.4,10.6,6.3,,,,,,,,,,,13.6,3.4,,,,,,,,,,,,,
279,2015-11-06,13.2,6.6,703,20.6,1424,,,,,,,7.2,70,1720,3.6,90,1519,1.1,925,9.2,41,1425,80.5,11.7,1021.2,1029.3,910,1024.8,1444,1027.1,10.6,6.4,,,,,,,,,,,14.9,3.5,,,,,,,,,,,,,
279,2015-11-07,13,12,508,13.7,1230,,,,,,20.2,2.6,320,1400,1.5,320,1358,0.4,344,12.7,97,310,98.6,14.7,1017.6,1027.9,1,1018,2400,1023.5,10.5,0,,,,,,,,,,,13.5,12.9,,,,,,,,,,,,,
279,2015-11-08,13.2,12.5,1935,14.2,1012,,,,,,16.8,3.1,320,630,1.5,320,629,0.4,327,13,99,1,99,15,1011,1018,1,1016.1,1400,1016.9,10.5,0,,,,,,,,,,,13.9,13.6,,,,,,,,,,,,,
279,2015-11-09,13.6,10.6,2358,17.8,1350,,,,,,1.6,8.4,290,1134,4,290,1143,1.4,1178,11.6,63,1357,88.8,13.7,1011.3,1020.1,2244,1015.2,330,1017.1,10.5,3.1,,,,,,,,,,,14.8,8.1,,,,,,,,,,,,,
279,2015-11-10,12.6,9.6,2357,16.9,1403,,,,,,,4.9,270,1014,2.7,270,1131,1.5,1311,8.1,47,1413,76,10.8,1017,1026.2,2337,1019.8,8,1022.9,10.4,6.3,,,,,,,,,,,13.4,7.9,,,,,,,,,,,,,
279,2015-11-11,11.6,6.7,338,17.5,1447,,,,,,,2.9,90,1452,1.7,270,2007,0.7,644,8.8,49,1442,85.3,11.3,1022.6,1030.5,2336,1026.2,1,1028.5,10.4,5.2,,,,,,,,,,,12.6,4.2,,,,,,,,,,,,,
279,2015-11-12,12.9,8.3,243,16.7,1452,,,,,,0,5.3,70,1800,2.6,70,1553,0.9,794,11.1,76,1500,89.6,13.2,1024.3,1032.2,918,1029.2,1456,1030.2,10.4,0,,,,,,,,,,,12.7,6,,,,,,,,,,,,,
279,2015-11-13,11.9,11,402,13.1,21,,,,,,24,2.3,290,1917,1.3,290,1919,0.5,436,11.4,86,657,96.9,13.4,1016.1,1029.4,1,1015.2,2348,1022,10.3,0,,,,,,,,,,,12.2,10.8,,,,,,,,,,,,,
279,2015-11-14,14.4,11.9,1,16.8,1459,,,,,,0.5,4.4,290,2244,2.6,290,2242,0.7,608,13.8,92,2246,96.9,15.8,1008.2,1016.4,2317,1012.2,1420,1014,10.3,0,,,,,,,,,,,14.6,13,,,,,,,,,,,,,
279,2015-11-15,14.5,9.8,2350,18.6,1139,,,,,,,5.2,270,1331,3.1,270,149,1.4,1191,11.5,55,1327,83.8,13.6,1014.1,1022.3,2105,1016.3,11,1020,10.3,1.1,,,,,,,,,,,14.6,7.6,,,,,,,,,,,,,
279,2015-11-16,11.3,8.3,406,12.7,1354,,,,,,6.9,3.1,340,1225,1.8,320,1229,0.5,443,11.1,92,1401,98.5,13.2,1012.2,1021.6,1,1015.1,2320,1018.1,10.3,0,,,,,,,,,,,11.8,6.1,,,,,,,,,,,,,
279,2015-11-17,14.7,12.4,7,17.6,1605,,,,,,0,4.4,90,2011,2.4,90,2333,0.7,602,14,87,1608,95.8,16,1012.4,1021.9,2219,1015.1,155,1018.2,10.2,0.1,,,,,,,,,,,15.2,12.3,,,,,,,,,,,,,
279,2015-11-18,11.8,9.7,2338,14.5,8,,,,,,9.6,4.6,70,13,2.3,90,1315,0.9,785,10.9,82,533,95,13.1,1015.5,1024.1,2309,1018.8,1310,1021.4,10.2,0,,,,,,,,,,,12.7,10.1,,,,,,,,,,,,,
279,2015-11-19,10.2,8.7,554,11.4,1419,,,,,,0,2.8,340,1,1.8,70,2345,0.6,499,9.4,86,954,95.3,11.8,1017.5,1025.7,951,1022.1,1458,1023.5,10.2,0,,,,,,,,,,,11.5,9.7,,,,,,,,,,,,,
279,2015-11-20,11.4,7.6,2349,16.5,1449,,,,,,,4.3,340,1245,1.9,320,1247,0.8,653,9.2,50,1528,88.3,11.6,1017.7,1026.1,2324,1022,1542,1023.7,10.1,3.9,,,,,,,,,,,13,5,,,,,,,,,,,,,
279,2015-11-21,9.4,6,505,11.7,1222,,,,,,0.4,3.3,290,1302,2,290,1317,0.5,441,8.9,84,1302,97.1,11.4,1021.1,1028.3,2225,1025.8,1440,1027.1,10.1,1.3,,,,,,,,,,,10.2,3.3,,,,,,,,,,,,,
279,2015-11-22,12.1,10.3,24,14.3,1518,,,,,,0,3,270,2136,2.1,270,2138,0.5,431,11.1,84,1445,94.3,13.3,1021.7,1029,815,1026.7,1443,1027.7,10.1,0,,,,,,,,,,,12.5,9,,,,,,,,,,,,,
279,2015-11-23,12,11.2,115,12.8,1231,,,,,,3.9,6,270,2212,3.8,290,2212,0.9,794,11.3,82,2352,96.1,13.4,1018.3,1027.6,11,1022,1538,1024.2,10.1,0,,,,,,,,,,,12.6,11.2,,,,,,,,,,,,,
279,2015-11-24,10.1,8.1,2348,11.9,1324,,,,,,0,6,110,1640,3.5,290,651,1.9,1614,6.4,61,1152,78,9.6,1018.7,1026.6,945,1023.2,558,1024.7,10.1,0.6,,,,,,,,,,,10.7,8.5,,,,,,,,,,,,,
279,2015-11-25,6.5,4.8,2144,8.1,1,,,,,,4.1,5.6,290,2400,3.1,290,2208,1.1,958,5.7,80,20,95.4,9.2,1012.6,1024.2,27,1015.8,2030,1018.6,10,0,,,,,,,,,,,8.6,4.5,,,,,,,,,,,,,
279,2015-11-26,2.3,0.4,1953,4.9,19,,,,,,0.3,12.4,290,1506,5,290,1113,2.9,2522,-3.1,49,1101,67.6,4.9,1009,1017.8,2359,1013.3,1447,1015.1,10,4.5,,,,,,,,,,,4.6,0.1,,,,,,,,,,,,,
279,2015-11-27,2.7,0.1,638,5.5,1336,,,,,,,11.5,320,338,5.6,290,319,2.3,1959,-2.9,57,1330,66.8,5,1018.2,1028.6,2324,1017.8,1,1024.4,10,2.5,,,,,,,,,,,4,-0.9,,,,,,,,,,,,,
279,2015-11-28,4.4,2,103,9.4,1331,,,,,,,5.8,290,1344,3.2,290,1345,0.9,774,0.6,53,1328,77,6.4,1023.7,1030.9,2150,1028.4,1,1029.8,10,2.4,,,,,,,,,,,5.8,-0.6,,,,,,,,,,,,,
279,2015-11-29,5.5,2.7,1,10.2,1539,,,,,,,2.5,110,849,1.7,270,1904,0.6,502,3.1,56,1503,86.1,7.6,1021.2,1030.8,1,1024.2,2325,1027.3,10,1.4,,,,,,,,,,,6.9,0.7,,,,,,,,,,,,,
279,2015-11-30,7.1,2.3,2345,12.9,1345,,,,,,0,9.3,320,1156,4.6,320,1204,1.2,1065,2.9,43,1449,77.9,7.6,1017.6,1026.3,2335,1021.8,1449,1023.7,9.9,6,,,,,,,,,,,8.2,-2.1,,,,,,,,,,,,,
279,2015-12-01,3.6,-1.1,642,10.5,1501,,,,,,,2.7,90,1358,1.6,270,1816,0.7,583,1.1,46,1331,85.8,6.6,1019.7,1028.6,920,1024.1,2318,1025.9,9.9,6.9,,,,,,,,,,,4.8,-5.4,,,,,,,,,,,,,
279,2015-12-02,5.7,1.4,344,9.1,1959,,,,,,1.8,10.1,290,2225,4.6,290,2351,1,906,4,53,2319,90.4,8.3,1010.7,1024.5,31,1011.8,1706,1016.8,9.9,0,,,,,,,,,,,5.7,-0.9,,,,,,,,,,,,,
279,2015-12-03,4.2,0.5,2246,7.8,1114,,,,,,2.7,13.4,270,1252,5.4,290,507,2.8,2457,-2.8,37,1132,62.4,5,1007.6,1016.8,2350,1010.6,1413,1013.6,9.9,4.7,,,,,,,,,,,3.3,-0.4,,,,,,,,,,,,,
279,2015-12-04,3.8,0,130,6.3,1431,,,,,,0,11.4,290,1234,5.5,290,1241,2.8,2420,-1.6,57,1253,68.4,5.4,1015.1,1023.2,2115,1016.6,25,1021.2,9.9,4.8,,,,,,,,,,,3.9,0,,,,,,,,,,,,,
279,2015-12-05,7.2,5,25,9.3,1247,,,,,,,8.8,290,1218,4,290,1457,2.3,1983,-0.2,51,1236,59.8,6,1018.5,1027.7,2359,1022.2,504,1024.5,9.8,1,,,,,,,,,,,5.2,2.5,,,,,,,,,,,,,
279,2015-12-06,4,-0.3,2341,8.4,1358,,,,,,,3.6,270,12,2.2,290,2,0.8,668,-1.5,40,1416,68.9,5.5,1021.8,1029.6,2337,1026.4,1456,1028,9.8,2.4,,,,,,,,,,,5,-5.4,,,,,,,,,,,,,
279,2015-12-07,4.7,-2.1,439,11.1,1529,,,,,,,4,290,2325,1.9,320,2330,0.6,481,-0.3,49,1332,72,6.1,1023.5,1031.5,946,1027.9,1408,1029.6,9.8,4.6,,,,,,,,,,,4.6,-6.1,,,,,,,,,,,,,
279,2015-12-08,6.5,1.9,2400,12,1454,,,,,,,5.6,290,701,2.8,290,706,1.4,1236,-1.5,34,1117,58.9,5.5,1025.8,1033.6,2257,1030.1,110,1031.9,9.8,7.2,,,,,,,,,,,6.6,-1,,,,,,,,,,,,,
279,2015-12-09,5.2,-0.7,524,11,1602,,,,,,,2,70,1245,1.5,270,25,0.5,459,2.3,57,1251,82.9,7.3,1024.7,1033.9,848,1028,2342,1030.8,9.8,3.8,,,,,,,,,,,5.3,-3.9,,,,,,,,,,,,,
279,2015-12-10,7.8,6.1,401,9,2356,,,,,,15.6,4.7,340,2339,2.7,340,2328,0.8,667,7.3,91,1,97.3,10.2,1012.9,1028.1,1,1009.9,2359,1018.9,9.8,0,,,,,,,,,,,7.8,6.1,,,,,,,,,,,,,
279,2015-12-11,8.4,3.2,2359,11.3,1254,,,,,,10.2,5.2,90,1422,2.7,70,1338,1.2,994,5.6,63,1255,84.3,9.3,1011.6,1025.4,2355,1008.6,205,1017.6,9.8,0,,,,,,,,,,,8.1,-1.2,,,,,,,,,,,,,
279,2015-12-12,4.6,-0.4,738,10.7,1414,,,,,,,3.2,90,1302,1.6,270,304,0.7,568,1.7,49,1417,84,6.9,1019.4,1028.1,948,1023,1502,1025.5,9.8,7.2,,,,,,,,,,,5.1,-4.5,,,,,,,,,,,,,
279,2015-12-13,6.5,3.6,2343,11.8,1523,,,,,,,3.2,90,1255,1.8,270,2224,0.6,535,3.3,52,1520,81.8,7.7,1018,1025.7,1006,1022,1532,1024.1,9.8,4.9,,,,,,,,,,,7.7,0.9,,,,,,,,,,,,,
279,2015-12-14,6.4,2.6,204,8,2200,,,,,,2.8,1.9,90,2001,1.4,270,157,0.4,310,6.1,95,1131,98.3,9.4,1014.9,1024.5,1,1018.2,2358,1020.9,9.7,0,,,,,,,,,,,6.7,-0.6,,,,,,,,,,,,,
279,2015-12-15,8.2,6.1,2214,10.2,1249,,,,,,0.2,8.9,290,1932,4.3,290,610,2.1,1811,3.7,55,1404,75,8.1,1011.6,1019.1,2135,1016.1,527,1017.6,9.7,1.6,,,,,,,,,,,7.4,4.4,,,,,,,,,,,,,
279,2015-12-16,2,-1,2238,6.8,1,,,,,,1.6,9.2,290,407,4.2,270,429,2.2,1922,-1.4,54,218,79,5.6,1012.6,1021.2,2343,1016.6,1337,1018.7,9.7,0.2,,,,,,,,,,,2.4,-2.1,,,,,,,,,,,,,
279,2015-12-17,-1,-3.1,734,1.6,1415,,,,,,,7.6,320,409,4.3,290,501,2.4,2088,-9.2,35,1420,54.5,3.1,1020.4,1031.1,2203,1020.8,120,1026.7,9.7,7.1,,,,,,,,,,,1.3,-6.5,,,,,,,,,,,,,
279,2015-12-18,1.1,-4.9,501,6.3,1308,,,,,,,6.6,270,1311,3.6,270,1348,1.4,1236,-4.3,45,1241,68.4,4.5,1026,1034.3,2321,1030.5,107,1032.3,9.7,5.1,,,,,,,,,,,0.5,-7.5,,,,,,,,,,,,,
279,2015-12-19,0.9,-3.4,716,8.4,1521,,,,,,,2,90,1315,1.2,270,1823,0.5,427,-2.6,36,1533,80.5,5.1,1028.7,1037.3,942,1033.4,1551,1035,9.7,7.1,,,,,,,,,,,2.5,-7.5,,,,,,,,,,,,,
279,2015-12-20,0.8,-3.6,440,3.9,1615,,,,,,0,3.1,360,1336,1.8,320,1338,0.4,328,-1.8,64,1501,83.5,5.4,1023.9,1034.7,7,1027,1717,1030.1,9.7,0,,,,,,,,,,,0.7,-7.2,,,,,,,,,,,,,
279,2015-12-21,3.4,-0.1,2358,8.6,1620,,,,,,1.1,4.1,270,1834,2.8,270,1834,0.6,535,2.2,76,1727,92.8,7.2,1020.6,1029.6,2341,1025,1407,1026.7,9.7,2.3,,,,,,,,,,,4.5,-4.5,,,,,,,,,,,,,
279,2015-12-22,1.1,-2,547,4.4,1550,,,,,,0.4,2.6,90,1411,1.4,290,40,0.5,460,0.5,80,1554,96.4,6.4,1022.9,1032.1,959,1026.6,2355,1029.1,9.7,2.6,,,,,,,,,,,3.3,-5.5,,,,,,,,,,,,,
279,2015-12-23,4.9,2.8,7,7.1,2017,,,,,,1.4,2.6,320,2336,1.4,320,1229,0.4,303,4.7,97,1211,98.9,8.6,1016.2,1027,28,1020.2,1613,1022.3,9.7,0,,,,,,,,,,,4.9,-0.6,,,,,,,,,,,,,
279,2015-12-24,4.1,-0.2,736,9.7,1522,,,,,,,7.3,290,1725,4.2,290,1728,1.2,1036,0.6,39,1658,80.3,6.4,1013.8,1022,927,1017.1,1501,1019.9,9.7,3.1,,,,,,,,,,,4.5,-1.8,,,,,,,,,,,,,
279,2015-12-25,1.7,-3.1,2257,6.4,1409,,,,,,,7.5,270,1107,3.8,290,1109,1.9,1602,-10.5,17,1412,43.9,2.9,1014.7,1022.3,1012,1019.6,1405,1020.9,9.7,7.2,,,,,,,,,,,2.2,-7,,,,,,,,,,,,,
279,2015-12-26,4.6,-2.7,757,11.4,1400,,,,,,0,10,290,1256,4.3,270,1245,1.3,1101,-3.1,34,1408,59.3,5,1013.8,1023.7,2351,1017.2,1423,1019.9,9.7,6.5,,,,,,,,,,,3.6,-4.4,,,,,,,,,,,,,
279,2015-12-27,1.1,-2.2,2351,4.5,1310,,,,,,,6.3,340,1223,3.9,320,1107,1.9,1644,-14,6,1541,36.6,2.4,1022.2,1031.9,2331,1023.7,1,1028.4,9.7,7.2,,,,,,,,,,,1.2,-6.3,,,,,,,,,,,,,
279,2015-12-28,-1.2,-4.3,729,2.6,1402,,,,,,,8.5,270,1529,4.9,270,1538,2.5,2200,-11.7,24,1727,45.8,2.5,1025.9,1033.7,2359,1030.5,1411,1032.2,9.7,7.2,,,,,,,,,,,-1,-6.4,,,,,,,,,,,,,
279,2015-12-29,-0.5,-5.5,616,4.7,1518,,,,,,,7.5,320,1151,3.4,270,1339,1.5,1264,-9.1,27,1139,55.6,3.1,1026.7,1034.8,1013,1031.5,1350,1033,9.7,7.2,,,,,,,,,,,-0.9,-9.7,,,,,,,,,,,,,
279,2015-12-30,0,-5.8,743,6.9,1410,,,,,,0.1,2.7,90,1457,1.7,270,1943,0.6,484,-4.3,40,1412,75,4.5,1023.5,1032.7,823,1027.3,1548,1029.8,9.7,7.2,,,,,,,,,,,0.2,-10,,,,,,,,,,,,,
279,2015-12-31,1.1,-2.7,2304,5.8,1352,,,,,,0,7.6,340,1116,3.2,290,1117,1.1,932,-1.9,52,1551,82.4,5.3,1024.3,1033.8,2310,1027.3,412,1030.5,9.8,3.2,,,,,,,,,,,0.7,-7.4,,,,,,,,,,,,,
